title,company,location_city,location_state,remote,category,posted_at
Data Analyst - Remote,UnitedHealth Group,Atlanta,GA,0,fulltime,2026-07-29
Business Analyst / Product Owner,Anza Mortgage Insurance Corporation,Wilmington,NC,0,fulltime,2026-07-29
Business Analyst 2 - Enterprise Application Support,CoServ,Denton,TX,0,fulltime,2026-07-29
Sales Systems Business Analyst,Canva,San Francisco,CA,0,fulltime,2026-07-29
Sales Systems Business Analyst,Canva,Austin,TX,0,fulltime,2026-07-29
HR Data Analyst,GFL Environmental Inc.,Raleigh,NC,0,fulltime,2026-07-29
Business Intelligence Analyst,Uline,Glenview,IL,0,fulltime,2026-07-29
RaceWay Business Analyst II,RaceTrac,Atlanta,GA,0,fulltime,2026-07-29
Business Intelligence Developer II,Elevance Health,Indianapolis,IN,0,fulltime,2026-07-29
Data Analyst,Touro University California,Vallejo,CA,0,fulltime,2026-07-29
Finance Accounting Business Analyst,Nucor,Dallas,TX,0,fulltime,2026-07-29
Business Analyst II Recovery Platform Operations,Centene Corporation,NA,NC,1,fulltime,2026-07-29
Data Analyst,Sagetap,San Francisco,CA,0,fulltime,2026-07-29
Analytics Consultant,Health Care Service Corporation,Chicago,IL,0,fulltime,2026-07-29
Enterprise Clinical Documentation Improvement Clinical Data Analyst,Jefferson Health Plans,Philadelphia,PA,1,fulltime,2026-07-29
Business Analyst II,Fifth Third Bank,Cincinnati,OH,0,fulltime,2026-07-29
"Business Analyst II, Underwriting","AmTrust Financial Services, Inc.",Chicago,IL,0,fulltime,2026-07-29
Research Data Analyst II,University of Central Florida,Austin,TX,0,fulltime,2026-07-29
Business Analytics Consultant - Risk Operations & Quantitative Strategy,PNC,Raleigh,NC,0,fulltime,2026-07-29
"Data Analyst, Center of Surgical and Transplant Applied Research (CSTAR)",NYU Langone Health,New York,NY,0,fulltime,2026-07-28
Data Analyst,Northwell,Manhasset,NY,0,fulltime,2026-07-28
Consumer Data Analyst,Mattel,El Segundo,CA,0,fulltime,2026-07-28
Back End Revenue Cycle Data Analyst - CBO,Mount Sinai Health System,New York,NY,0,fulltime,2026-07-28
Junior Data Analyst,Hart,Columbus,OH,0,fulltime,2026-07-28
Technical Business Analyst,Experient,Atlanta,GA,0,fulltime,2026-07-28
Salesforce Business Analyst,Taboola,New York,NY,0,fulltime,2026-07-28
Financial Business Analyst,Oil-Dri Corporation of America,Chicago,IL,0,fulltime,2026-07-28
BUSINESS ANALYST,GLOBE TAX SERVICES INCORPORATED,New York,NY,0,fulltime,2026-07-28
Excel Data Analyst,Smarter HR Solutions LLC,Houston,TX,0,fulltime,2026-07-28
Data Analyst - Data & Analytics,Everest,New York,NY,0,fulltime,2026-07-28
Analytics Consultant - Payment Integrity,Health Care Service Corporation,Chicago,IL,0,fulltime,2026-07-28
Provider Data Analyst - work From Home,Health Care Service Corporation,Chicago,IL,1,fulltime,2026-07-28
Business Analyst,Guidehouse,San Antonio,TX,0,fulltime,2026-07-28
Business Intelligence Analyst,Caterpillar Inc.,Peoria,IL,0,fulltime,2026-07-28
Sales and Business Analyst,Littelfuse,Chicago,IL,0,fulltime,2026-07-28
Business Analyst,Ann & Robert H. Lurie Children's Hospital of Chicago,Chicago,IL,0,fulltime,2026-07-28
Business Analyst - 30584,"Tri-Force Consulting Services, Inc.",New York,NY,0,fulltime,2026-07-28
Business Analyst,Lurie Children's Hospital,Chicago,IL,0,fulltime,2026-07-28
Business Analyst II - Payment Integrity Datamining,Elevance Health,Indianapolis,IN,0,fulltime,2026-07-28
Business Intelligence Consulting Associate - Fall 2027,RSM US LLP,Chicago,IL,0,fulltime,2026-07-28
Business Analyst II- Capitation,Elevance Health,Indianapolis,IN,0,fulltime,2026-07-28
Business Intelligence Analyst,The University of Toledo,Toledo,OH,0,fulltime,2026-07-28
Financial Data Analyst,Procure Analytics,Atlanta,GA,0,fulltime,2026-07-27
IT Business Analyst,Forward Air,Dallas,TX,0,fulltime,2026-07-27
Business Analyst - Legal Analytics / Data Science,"Scott & Associates, PC",Plano,TX,0,fulltime,2026-07-27
Data Analyst,Everlaw,Oakland,CA,0,fulltime,2026-07-27
BI Data Analyst,Med A/Rx,Charlotte,NC,1,fulltime,2026-07-27
Data Analyst - IT,Goodwill Industries of Orange County CA,Santa Ana,CA,0,fulltime,2026-07-27
Business Data Analyst,Arcadis,Austin,TX,0,fulltime,2026-07-27
Data Analyst - Product Data Science,Flatiron Health,New York,NY,0,fulltime,2026-07-27
Economic Research Data Analyst,Empire State,Albany,NY,0,fulltime,2026-07-27
HR Data Analyst & Reporting,Atlas Air,White Plains,NY,0,fulltime,2026-07-27
Business Intelligence Analyst,Amphenol and its Affiliated Companies,Endicott,NY,0,fulltime,2026-07-27
"Business Intelligence Engineer - Union City, GA",GXO Logistics,Union City,GA,0,fulltime,2026-07-27
Business Intelligence Competency Center (BICC) Quality Analyst,"The Hillman Group, Inc.",Cincinnati,OH,0,fulltime,2026-07-27
"Clinical Data Analyst, Quality",The University of Toledo,Toledo,OH,0,fulltime,2026-07-27
Data Analyst,A.P. Moller - Maersk,Cedar Hill,TX,0,fulltime,2026-07-27
Data Analyst,Maersk,Cedar Hill,TX,0,fulltime,2026-07-27
Data Analyst,Performance Team,Cedar Hill,TX,0,fulltime,2026-07-27
Business Analyst,TEKsystems,Bloomington,IL,0,fulltime,2026-07-27
Data Analyst,Smarter HR Solutions LLC,Houston,TX,0,fulltime,2026-07-27
"Analyst 2, Data Analytics & Business Intelligence",Comcast,Atlanta,GA,0,fulltime,2026-07-27
Junior Investment Data Analyst,Vanguard,Malvern,PA,0,fulltime,2026-07-27
Hybrid Data Analyst - Tableau & Contact Center Analytics (CT ONLY),ACC PREMIERE,Parma,OH,0,fulltime,2026-07-27
Research Data Analyst,UCSF,San Francisco,CA,0,fulltime,2026-07-27
Entry Level Data Analyst,Meds,Austin,TX,0,fulltime,2026-07-27
SQL Data Analyst,CACI International,Riverside,CA,0,fulltime,2026-07-27
Data Analyst,OCLC,Dublin,OH,0,fulltime,2026-07-27
Auto - Business Analyst,JPMorgan Chase & Co.,Plano,TX,0,fulltime,2026-07-25
Business Analyst - Business Intelligence (BI),Reyes Holdings,Rosemont,IL,0,fulltime,2026-07-25
HR Data Analyst,Jabil,Florence,KY,0,fulltime,2026-07-27
WMS Business Analyst,COFREIGHT INC,Buena Park,CA,0,fulltime,2026-07-24
Data Analyst - Test & Learn,Tailored Brands,Dublin,CA,1,fulltime,2026-07-24
Business Intelligence Analyst,Mission Wealth Management LP,San Diego,CA,0,fulltime,2026-07-24
Data Analyst,Zynga,Austin,TX,0,fulltime,2026-07-24
Business Intelligence Researcher,Jump Trading,New York,NY,0,fulltime,2026-07-24
Enterprise Data Analyst,Husch Blackwell,Providence,TX,1,fulltime,2026-07-24
Business Analyst,Adisseo France S.A.S,Alpharetta,GA,0,fulltime,2026-07-24
BUSINESS INTELLIGENCE ANALYST I,Ole Mexican Foods Inc,Norcross,GA,0,fulltime,2026-07-24
"Business Analyst, Supply Chain",Avalign Technologies,Schaumburg,IL,0,fulltime,2026-07-24
Logistics Process & Data Analyst,GM Performance Power Units,Concord,NC,0,fulltime,2026-07-24
Intelligence Automation Business Analyst,Chenega Services & Federal Solutions,Town of Gates,NY,1,fulltime,2026-07-24
Business Analyst,Fragomen,Ontario,CA,1,fulltime,2026-07-24
Data Analyst,S&P Global Mobility,New York,NY,0,fulltime,2026-07-24
Data Analyst - Transportation BI,The Home Depot,Atlanta,GA,0,fulltime,2026-07-24
Space Industry Market and Business Analyst,The Aerospace Corporation,El Segundo,CA,0,fulltime,2026-07-24
Business Analyst,MV Transportation,Dallas,TX,0,fulltime,2026-07-24
Business Intelligence Analyst,"NetApp, Inc.",Durham,NC,0,fulltime,2026-07-24
Business Intelligence & Data Analytics Intern- OH,MUM INDUSTRIES INC,Mentor,OH,0,internship,2026-07-24
IT Business Analyst,Amcor,Rayne Township,PA,1,fulltime,2026-07-24
Business Analyst,Regions Bank,Houston,TX,0,fulltime,2026-07-24
Data Analyst,Supernova Technology™,Chicago,IL,0,fulltime,2026-07-23
Business Analyst,"OCTAGOS HEALTH, INC.",Houston,TX,0,fulltime,2026-07-23
"IT Business Analyst - Contract - Atlanta, GA - Hybrid",INFO ORIGIN INC,Atlanta,GA,0,fulltime,2026-07-23
Administrative Specialist (Data Analyst),One Federal Solution,Lexington,KY,0,fulltime,2026-07-23
Business Intelligence Engineer,Wolverine,Chicago,IL,0,fulltime,2026-07-23
Data Analyst,Surya Carpet,White,GA,0,fulltime,2026-07-23
"Business Intelligence Analyst - Harrisburg, PA",AAA Central Penn,Harrisburg,PA,0,fulltime,2026-07-23
Remote Business Analyst,Burjline Builders,New York,NY,1,fulltime,2026-07-23
Data Analyst,Burjline Builders,Hurst,TX,1,fulltime,2026-07-23
ERP Business Analyst,Oliver Tolas Healthcare Packaging,Doylestown,PA,0,fulltime,2026-07-23
Remote Business Intelligence Specialists,Burjline Builders,Charlotte,NC,1,fulltime,2026-07-23
Technology Business Analyst - Client Data & AUM Reporting,Neuberger Berman,New York,NY,0,fulltime,2026-07-23
2027 Business Analyst Intern,Solar Turbines,San Diego,CA,0,internship,2026-07-23
Digital Client Experience and Platforms Business Analyst – Associate,Morgan Stanley,Purchase,NY,0,fulltime,2026-07-23
Business Analyst,Regions,Houston,TX,0,fulltime,2026-07-23
Data Analyst,UCSF,San Francisco,CA,0,fulltime,2026-07-23
Business Analyst,Royal Bank of Canada,New York,NY,0,fulltime,2026-07-23
Business Analyst,Hisense USA,Alpharetta,GA,0,fulltime,2026-07-23
Business Analytics Consultant,PNC,Pittsburgh,PA,0,fulltime,2026-07-23
Business Analyst,Dellwood Insurance Group,Alpharetta,GA,0,fulltime,2026-07-23
Business Analyst Information Technology,PRESCO POLYMERS OPCO INC,Plano,TX,0,fulltime,2026-07-23
Business Analyst,RBC,New York,NY,0,fulltime,2026-07-23
Data Analyst II,Fabletics,El Segundo,CA,0,fulltime,2026-07-23
Business Analyst,JLL,Sunnyvale,CA,0,fulltime,2026-07-23
Analytics Consultant - Medical Drug Pricing,Health Care Service Corporation,Chicago,IL,0,fulltime,2026-07-23
Business Analyst,"Core Specialty Insurance Holdings, Inc.",Long Beach,NY,0,fulltime,2026-07-23
Business Analyst,Quest Diagnostics,Schaumburg,IL,0,fulltime,2026-07-22
"Business Analyst, L&G - Asset Management, America",LegalAndGeneral,Chicago,IL,0,fulltime,2026-07-22
Graduate Service Data Analyst I,Honeywell,Atlanta,GA,0,fulltime,2026-07-22
Business Analyst - ESG,NOV Inc.,Houston,TX,0,fulltime,2026-07-22
Business Intelligence Analyst,Rumpke Waste & Recycling,Colerain Township,OH,1,fulltime,2026-07-22
Quality Data Analyst,OhioGuidestone,Berea,OH,0,fulltime,2026-07-22
Drilling Data Analyst- MSD,Patterson-UTI,Conroe,TX,0,fulltime,2026-07-22
Data Analyst – Reseller Sales and Operations,New Pig Corporation,Tipton,PA,0,fulltime,2026-07-22
"Business Analyst, Access Center PA/NJ residency",St. Luke's University Health Network,Allentown,PA,0,fulltime,2026-07-22
Business Analyst - Technology,Longevity Holdings,Fort Washington,PA,0,fulltime,2026-07-21
Data Analyst,Friona Industries,Amarillo,TX,0,fulltime,2026-07-21
Print Operations Business Analyst - Greater Sacramento,Gainwell Technologies LLC,Rancho Cordova,CA,0,fulltime,2026-07-20
"Business Analyst, Investment Compliance",Invesco Ltd.,New York,NY,0,fulltime,2026-07-21
Business Analyst - Sustainability Data & Reporting,Sabre Corporation,Southlake,TX,1,fulltime,2026-07-20
Business Analyst,Intren West,Oakland,CA,0,fulltime,2026-07-18
Growth & Business Analyst - London,INSTALILY.AI,San Francisco,CA,0,fulltime,2026-07-16
Business Analyst,TelemetryX,Irvine,CA,0,fulltime,2026-07-15
Data Scientist,Worthington Steel,Columbus,OH,0,fulltime,2026-07-29
Business Intelligence Analyst,Volvo Group,Fort Worth,TX,0,fulltime,2026-07-08
Data Analyst,CharterUP,Atlanta,GA,0,fulltime,2026-07-14
Business Analyst II - AMZ26512.2,Amazon,Austin,TX,0,fulltime,2026-07-02
Data Engineer,Headwater Science,Raleigh,NC,0,fulltime,2026-07-29
"Machine Learning Engineer - News, Books, and Stocks Team",Apple,Cupertino,CA,0,fulltime,2026-07-29
Machine Learning Engineer - Advanced AI and Cognitive Systems,HRL Laboratories,Calabasas,CA,0,fulltime,2026-07-29
eDiscovery Data Scientist | Technology Consulting,FTI Consulting,San Francisco,CA,0,fulltime,2026-07-29
Data Scientist (Level I / Level II),Truist,Atlanta,GA,0,fulltime,2026-07-29
Data Engineer,Adaptive Innovations,New York,NY,0,fulltime,2026-07-29
Machine Learning Engineer,Zest AI,Burbank,CA,1,fulltime,2026-07-28
AI/ML Data Scientist,Intuitive,Sunnyvale,CA,0,fulltime,2026-07-28
Data Scientist - Pricing & Profitability (Hybrid),Enova International,Chicago,IL,0,fulltime,2026-07-28
Spatial Data Engineer I,Esri,Redlands,CA,0,fulltime,2026-07-28
Data Engineer II,Pacific Life,Newport Beach,CA,0,fulltime,2026-07-28
Machine Learning Engineer II,Capital Group,Los Angeles,CA,0,fulltime,2026-07-28
Data Scientist 2,AAA,Coppell,TX,0,fulltime,2026-07-28
Acceleration Center- Agentic AI and Machine Learning Developer- Experienced Associate,PwC,Chicago,IL,0,fulltime,2026-07-28
Data Scientist I – Fraud Model Governance,Bank of America,Fort Worth,TX,0,fulltime,2026-07-28
Data Scientist I,Bank of America,Plano,TX,0,fulltime,2026-07-28
Data Scientist I (DSAP),RELX,Alpharetta,GA,0,fulltime,2026-07-28
Data Scientist I (DSAP),Renishaw,Alpharetta,GA,0,fulltime,2026-07-28
Data Scientist,Caterpillar Inc.,Mapleton,IL,0,fulltime,2026-07-28
Data Engineer ID80135,AgileEngine,NA,NA,1,fulltime,2026-07-28
Machine Learning Engineer,TEKsystems,Berwyn,IL,1,fulltime,2026-07-28
"Data Engineer, Product Analytics",Meta,Menlo Park,CA,0,fulltime,2026-07-28
"Software Engineer II, Data Scientist",SEI,Upper Providence Township,PA,0,fulltime,2026-07-28
"SDE, MLA hardware/software co-design, Annapurna Labs Machine Learning Acceleration",Amazon,Austin,TX,0,fulltime,2026-07-28
Data Engineer,ExxonMobil,NA,TX,0,fulltime,2026-07-28
"Data Engineer, Specialist Technology Team (STT), Centralized Data & Analytics",Amazon,Austin,TX,0,fulltime,2026-07-28
"Machine Learning Engineer, Tapestry",Tapestry,Mountain View,CA,0,fulltime,2026-07-27
Machine Learning Engineer / AI Systems Engineer,Amira Learning,NA,TX,1,fulltime,2026-07-27
"Business Data Scientist, YouTube Marketing",Google,San Bruno,CA,0,fulltime,2026-07-27
"Business Data Scientist, Platform Journey Analytics and Measurement",Google,Chicago,IL,0,fulltime,2026-07-27
Junior Machine Learning Engineer,Tax Relief Advocates,Irvine,CA,0,fulltime,2026-07-27
Machine Learning Engineer II,CLEAR - Corporate,New York,NY,0,fulltime,2026-07-27
Data Engineer,AVEVA,San Leandro,CA,0,fulltime,2026-07-27
Machine Learning Engineer,Sprinter Health,San Francisco,CA,0,fulltime,2026-07-27
"Machine Learning Engineer, OIS-Core Engine",Amazon,Austin,TX,0,fulltime,2026-07-27
"Data Scientist, eCommerce Analytics",Caterpillar Inc.,Chicago,IL,0,fulltime,2026-07-27
"Data Scientist, RIS",City of New York,New York,NY,0,fulltime,2026-07-25
Data Scientist,Benda Infotech,Chicago,IL,0,fulltime,2026-07-25
Data Engineer,Sally Beauty,Plano,TX,0,fulltime,2026-07-24
Game Security Data Scientist,KRAFTON Americas,El Segundo,CA,0,fulltime,2026-07-24
"Business and Marketing Data Scientist, Applied Machine Learning",Google,Mountain View,CA,0,fulltime,2026-07-24
Associate Data Engineer,Cosm,Los Angeles,CA,0,fulltime,2026-07-24
Machine Learning Intern,One Robot,San Francisco,CA,0,internship,2026-07-24
"Machine Learning Engineer, AI Safety",NVIDIA,Santa Clara,CA,0,fulltime,2026-07-24
Data Engineer,cargill,NA,GA,0,fulltime,2026-07-24
"Machine Learning Scientist, Structure-Function ML, AI for Drug Discovery (AIDD)",Genentech,New York,NY,0,fulltime,2026-07-24
"Machine Learning Scientist, Structure-Function ML, AI for Drug Discovery (AIDD)",Roche,New York,NY,0,fulltime,2026-07-24
"Data Scientist, Specialist",Vanguard,Malvern,PA,0,fulltime,2026-07-24
Junior Data Engineer/Junior Data Scientist,Capgemini,New York,NY,0,fulltime,2026-07-24
"Service Delivery Center, AI & Data, Machine Learning Engineer (MLE) - Analyst",EY,Charlotte,NC,0,fulltime,2026-07-24
Junior Data Engineer/Junior Data Scientist,Capgemini,Atlanta,GA,0,fulltime,2026-07-24
Junior Data Scientist- Philadelphia District,Aramark,Philadelphia,PA,0,fulltime,2026-07-24
Machine Learning Engineer,"Gotion, Inc.",Fremont,CA,0,fulltime,2026-07-23
Machine Learning Algorithm Engineer,Apple,Sunnyvale,CA,0,fulltime,2026-07-23
"Software Engineer, On-Device Machine Learning",Google,Sunnyvale,CA,0,fulltime,2026-07-23
"Machine Learning Engineer, Agentic Application",ServiceNow,Mountain View,CA,0,fulltime,2026-07-23
Data Engineer II,First Citizens Bank,Raleigh,NC,1,fulltime,2026-07-23
Machine Learning Research Engineer,Profluent,Emeryville,CA,0,fulltime,2026-07-23
Machine Learning Engineer II,Panasonic,Irvine,CA,0,fulltime,2026-07-23
"Data Scientist II, ML Infrastructure",Pinterest,Palo Alto,CA,0,fulltime,2026-07-23
Machine Learning Engineer: Multimodal Sensor Fusion,Apple,Sunnyvale,CA,0,fulltime,2026-07-23
Computational Chemist (Machine Learning) I / II,Aralez Bio,Berkeley,CA,0,fulltime,2026-07-23
Data Engineer,FanDuel,Atlanta,GA,0,fulltime,2026-07-23
Data Scientist,Valley Bank,New York,NY,0,fulltime,2026-07-23
"Research Data Scientist, Brand Bidding Optimization, YouTube Ads",Google,Mountain View,CA,0,fulltime,2026-07-23
Azure Data Engineer,CSpring,Indianapolis,IN,0,fulltime,2026-07-23
Data Engineer,Ragle Inc,North Richland Hills,TX,0,fulltime,2026-07-23
Data Scientist - AI Enablement,BMO,Chicago,IL,0,fulltime,2026-07-23
Data Engineer,Reply,Chicago,IL,0,fulltime,2026-07-23
Data Scientist,Radiance Technologies,Beavercreek,OH,0,fulltime,2026-07-23
Data Scientist,JSC Bank of Georgia,Tbilisi,NA,0,fulltime,2026-07-23
Data Scientist - Enterprise Fraud Organization,PNC,Strongsville,OH,0,fulltime,2026-07-23
Junior Machine Learning Engineer,Recraft,NA,GA,0,fulltime,2026-07-23
"Machine Learning Engineer, Local Search & Marketplace",NewsBreak,Mountain View,CA,0,fulltime,2026-07-22
"Systems Analyst, Logistics (REQ #144517)","HUGO BOSS Fashions, Inc.",Midway,GA,0,fulltime,2026-07-29
IT Analyst I,WESTWOOD PROFESSIONAL SERVICES INC,Fort Worth,TX,0,fulltime,2026-07-29
Business Systems Analyst,Lightera,Carrollton,GA,0,fulltime,2026-07-29
Systems Analyst,Meriplex,Indianapolis,IN,0,fulltime,2026-07-29
Digital Systems Analyst,abra,Wheaton,IL,0,fulltime,2026-07-29
Business Systems Analyst II (Medicaid Fee-For-Service),"MedImpact Healthcare Systems, Inc.",San Diego,CA,0,fulltime,2026-07-29
Oracle Cloud Data Systems Analyst,UCSF,San Francisco,CA,0,fulltime,2026-07-29
"Professor, Geospatial Information Systems",Collin College,Frisco,TX,0,fulltime,2026-07-29
"Consulting Associate, EHS Management Information Systems",ERM,Houston,TX,0,fulltime,2026-07-29
ERP & Business Systems Analyst,Mid-West Fabricating Co,Amanda,OH,0,fulltime,2026-07-29
Systems Analyst - Intermediate (Ambulatory),UPMC,Pittsburgh,PA,0,fulltime,2026-07-28
"Specialist II, Pharmacokinetics (PK) BioAnalytical Systems Analyst",Corcept Therapeutics,Redwood City,CA,0,fulltime,2026-07-28
IT Analyst,Eaton Corporation,Coraopolis,PA,0,fulltime,2026-07-28
Financial Systems Analyst,"Fundamental Administrative Services, LLC",Sparks,GA,0,fulltime,2026-07-28
IT Analyst,Volta,Palo Alto,CA,0,fulltime,2026-07-28
Systems Analyst,TEKsystems,Cleveland,OH,1,fulltime,2026-07-28
Systems Analyst - Intermediate (Application Support),UPMC,Pittsburgh,PA,0,fulltime,2026-07-28
Business Systems Analyst II,"AmTrust Financial Services, Inc.",Cleveland,OH,0,fulltime,2026-07-28
Associate Technology Consultant,ServiceRocket,Palo Alto,CA,0,fulltime,2026-07-28
2027 IT Analyst - Entry Level,Caterpillar Inc.,Irving,TX,0,fulltime,2026-07-28
IT Analyst - Business Operations,Rockwell Automation,Mayfield Heights,OH,1,fulltime,2026-07-28
Systems Analyst - WMS,Sandvik,Romeoville,IL,0,fulltime,2026-07-28
Business Systems Analyst,Walker & Dunlop,Calabasas,CA,0,fulltime,2026-07-28
Business Systems Analyst I,Robert Half,San Ramon,CA,0,fulltime,2026-07-28
Sales Systems Analyst - Temp,Monster Energy,Corona,CA,0,fulltime,2026-07-27
Systems Analyst - Intermediate (Epic Beacon),UPMC,Pittsburgh,PA,0,fulltime,2026-07-27
"Systems Analyst I (Dallas, TX) - Austin Industries",Austin Bridge & Road,Dallas,TX,0,fulltime,2026-07-27
Systems Analyst - Intermediate,UPMC,Pittsburgh,PA,0,fulltime,2026-07-27
Systems Analyst,Texas Children's Hospital,Houston,TX,0,fulltime,2026-07-27
IT Analyst II - IS ANC EXPERIENCE,Kettering Health,Miamisburg,OH,1,fulltime,2026-07-27
Systems Analyst -Associate (Epic Radiant),UPMC,Pittsburgh,PA,0,fulltime,2026-07-27
Costpoint Financial Systems Analyst – Core CP Analyst,KBR,Houston,TX,1,fulltime,2026-07-27
IT Analyst Applications,Caterpillar Inc.,Irving,TX,0,fulltime,2026-07-27
"Information Systems Security Officer, Mid",Booz Allen Hamilton,Beavercreek,OH,0,fulltime,2026-07-27
Operations and Business Systems Analyst,INTELLIHOT INC,Galesburg,IL,0,fulltime,2026-07-27
Epic Certified EHR Systems Analyst II (ClinDoc),Adventist Health,Roseville,CA,0,fulltime,2026-07-24
"Identity & Access Systems Engineering Analyst I (Information Systems Analyst I, Opt. S)",State of Illinois,Springfield,IL,0,fulltime,2026-07-27
Workplace Experience Systems Analyst,Latham & Watkins LLP,Los Angeles,CA,0,fulltime,2026-07-27
Business Systems Analyst,LV Collective,Austin,TX,0,fulltime,2026-07-24
Clinical Systems Analyst (3147) - Full-Time,Wilmington Health PLLC,Wilmington,NC,0,fulltime,2026-07-24
Application Systems Analyst II – CTS,Duquesne University,Pittsburgh,PA,0,fulltime,2026-07-24
"Austin Aviation, IT Business Systems Analyst - Undergraduate Intern",City of Austin,Island,KY,0,internship,2026-07-24
IT Controls Systems Analyst,Corning,Hickory,NC,0,fulltime,2026-07-24
Control Systems Analyst II,GrayMatter Systems,Dallas,TX,0,fulltime,2026-07-23
2027 Entry Level IT Analyst,Solar Turbines,San Diego,CA,0,fulltime,2026-07-23
Control Systems Analyst I,GrayMatter Systems,Dallas,TX,0,fulltime,2026-07-23
Business Systems Analyst,Toyota Industries Corporation,Indianapolis,IN,0,fulltime,2026-07-23
IT Analyst - Workflow Excellence Analyst,Duke Health,Durham,NC,0,fulltime,2026-07-23
"Business Systems Analyst Consultant - Financial systems, SQL, Defect Tracking/Testing Scripts",PNC,Cleveland,OH,0,fulltime,2026-07-23
Business Systems Analyst,Benda Infotech,Chicago,IL,0,fulltime,2026-07-23
IT Analyst - Workflow Excellence Analyst,Duke Careers,Durham,NC,0,fulltime,2026-07-23
Systems Analyst II,Pacific Life,Newport Beach,CA,0,fulltime,2026-07-23
Epic‑Certified EHR Systems Analyst I (Beaker),Adventist Health,Roseville,CA,0,fulltime,2026-07-22
IT Analyst,Adient,Normal,IL,0,fulltime,2026-07-22
Enterprise Systems Analyst II,JPL/NASA,Pasadena,CA,0,fulltime,2026-07-22
Technology Consultant II,Lumen Technologies,New York,NY,1,fulltime,2026-07-19
Systems Analyst 1-IT,Oracle,Odessa,TX,0,fulltime,2026-06-30
Supply Systems Analyst - GDEC TO29,Olgoonik Corporation,Albany,GA,0,fulltime,2026-06-30
Global Security - Technical Security Analyst,JPMorgan Chase & Co.,Columbus,OH,0,fulltime,2026-07-29
IT Auditor,Sherwin-Williams,Cleveland,OH,0,fulltime,2026-07-29
Cybersecurity Analyst /SOC - MDR Specialist,Softthink Solutions Inc,NA,GA,0,fulltime,2026-07-29
Data Security Analyst,Sumitomo Mitsui Banking Corporation,Charlotte,NC,0,fulltime,2026-07-29
"Cybersecurity Analyst, Mid",Booz Allen Hamilton,Rome,NY,0,fulltime,2026-07-29
IT Auditor II,Brotherhood Mutual Insurance Company,Fort Wayne,IN,0,fulltime,2026-07-28
IT Information Security Administrator,Gregory Poole Equipment Company,Raleigh,NC,0,fulltime,2026-07-28
Cyber Security Analyst - IT,"Constellation Energy Generation, LLC.",Town of Ontario,NY,0,fulltime,2026-07-28
Industrial Security Analyst,Northrop Grumman,Rolling Meadows,IL,0,fulltime,2026-07-28
Cybersecurity Analyst II,Sutter Health,Sacramento,CA,0,fulltime,2026-07-28
Information Security Analyst I,UHS,Tredyffrin Township,PA,0,fulltime,2026-07-27
Information Security Analyst,TESTEQUITY LLC,North Richland Hills,TX,0,fulltime,2026-07-27
Cyber Security Analyst,CACI,High Point,NC,0,fulltime,2026-07-27
Information Security Analyst,TESTEQUITY  HISCO GROUP,North Richland Hills,TX,0,fulltime,2026-07-27
IT Audit Leadership Participant,Fifth Third Bank,Cincinnati,OH,0,fulltime,2026-07-27
Nuclear & Radiological Material Security Analyst,Argonne National Laboratory,Lemont,IL,0,fulltime,2026-07-27
Security Analyst (Blue Team),SpaceX,Hawthorne,CA,0,fulltime,2026-07-25
Summer Analyst - Information Security,Rockefeller Capital Management,New York,NY,0,internship,2026-07-24
Security Analyst (SOC),SpaceX,Hawthorne,CA,0,fulltime,2026-07-25
ERP System and Security Analyst,City of Philadelphia,Philadelphia,PA,0,fulltime,2026-07-24
Cybersecurity Analyst,Heritage Federal Credit Union,NA,IN,0,fulltime,2026-07-24
Vulnerability Management Analyst (Information Security),TEKsystems,Carlsbad,CA,0,fulltime,2026-07-24
Associate Industrial Security Analyst,Northrop Grumman,Palmdale,CA,0,fulltime,2026-07-24
FedRamp Information Security & Observability Analyst,IFS,Itasca,IL,0,fulltime,2026-07-23
Information Security Risk Analyst - Intermediate,UChicago Medicine,Darien,IL,0,fulltime,2026-07-23
Information Security Analyst,ZGF Architects,New York,NY,0,fulltime,2026-07-23
Vulnerability Management Security Analyst,University of Notre Dame,Notre Dame,IN,0,fulltime,2026-07-23
Information Security Analyst,ZGF Architects,Los Angeles,CA,0,fulltime,2026-07-23
Information Security Analyst,Vesync,Tustin,CA,0,fulltime,2026-07-23
Specialist - Information Security,South Texas College,McAllen,TX,0,fulltime,2026-07-23
Information Security Specialist,"Marmon Holdings, Inc.",Carol Stream,IL,0,fulltime,2026-07-23
Cybersecurity Analyst,Meriton,Irving,TX,0,fulltime,2026-07-22
Aviation Security Analyst (9212) – SFO – (A00030),City and County of San Francisco,San Francisco,CA,0,fulltime,2026-07-22
Security Analyst: Forensic Investigations,PNC,Columbus,OH,0,fulltime,2026-07-22
FedRAMP Cybersecurity Analyst (Junior) US Remote,Motorola Solutions,Carapichaima,IN,1,fulltime,2026-07-22
Cyber Security Analyst,Vigilant LLC,West Chester Township,OH,1,fulltime,2026-07-20
Data Analytics Intern,Simular,Palo Alto,CA,0,internship,2026-07-29
IT Intern,HOUSING VISIONS UNLIMITED INC,Syracuse,NY,0,internship,2026-07-28
IT Intern,Festo SE & Co. KG,Town of Islip,NY,0,internship,2026-07-28
Product & Business Analytics Intern,Toshiba Global Commerce Solutions - External,Durham,NC,0,internship,2026-07-27
Process Engineering&Data Analytics Intern -FF,The Partner Companies,Chicago,IL,0,internship,2026-07-23
2027 IT Intern,Solar Turbines,San Diego,CA,0,internship,2026-07-23
LUB IT Intern,Leprino Foods Company,Lubbock,TX,0,internship,2026-07-23
Records and Information Management Specialist,Veterans Health Administration,Marion,IL,0,federal,2026-07-29
Operations Research Analyst,U.S. Military Entrance Processing Command,North Chicago,IL,0,federal,2026-07-29
Data Engineer,Consumer Product Safety Commission,Bethesda,MD,0,federal,2026-07-28
Information Technology Specialist (Web Developer) Direct Hire,U.S. International Trade Commission,Washington,DC,0,federal,2026-07-28
Program Analyst,Veterans Health Administration,San Francisco,CA,0,federal,2026-07-28
Program Analyst,Defense Logistics Agency,Battle Creek,MI,0,federal,2026-07-28
MANAGEMENT ANALYST,Naval Air Systems Command,China Lake,CA,0,federal,2026-07-28
Data Scientist (Direct Hire),Railroad Retirement Board,Birmingham,AL,0,federal,2026-07-24
FINANCIAL MANAGEMENT ANALYST,United States Fleet Forces Command,Norfolk,VA,0,federal,2026-07-23
Program Analyst (Informatics),Veterans Health Administration,Murfreesboro,TN,0,federal,2026-07-23
Management and Program Analyst (Data Analytics),Farm Production and Conservation (FPAC) Business Center,Kansas City,MO,0,federal,2026-07-21
Operations Research Analyst,Defense Human Resources Activity,Alexandria,VA,0,federal,2026-07-22
Health System Specialist (Facility Systems Redesign),Veterans Health Administration,Providence,RI,0,federal,2026-07-20
Aviation Technical Systems Specialist (Community Involvement Specialist),Federal Aviation Administration,Fort Worth,TX,0,federal,2026-07-20
Clinical Laboratory Scientist,Veterans Health Administration,Beckley,WV,0,federal,2026-07-29
INTERDISCIPLINARY PHYSICAL SCIENTIST/OCEANOGRAPHER,United States Fleet Forces Command,Stennis Space Center,MS,0,federal,2026-07-28
Physical Scientist,National Oceanic and Atmospheric Administration,Boulder,CO,0,federal,2026-07-29
Clinical Laboratory Scientist,Military Treatment Facilities under DHA,Jacksonville Naval Hospital,FL,0,federal,2026-07-27
Clinical Laboratory Scientist - Generalist,Veterans Health Administration,Muskogee,OK,0,federal,2026-07-27
Clinical Laboratory Scientist,Veterans Health Administration,Gainesville,FL,0,federal,2026-07-24
Data Scientist,Federal Aviation Administration,Washington,DC,0,federal,2026-07-24
Physical Scientist,National Park Service,Homestead,FL,0,federal,2026-07-23
Clinical Laboratory Scientist,Veterans Health Administration,Providence,RI,0,federal,2026-07-23
Clinical Laboratory Scientist - Toxicology,Veterans Health Administration,Minneapolis,MN,0,federal,2026-07-22
SCIENTIST,Naval Sea Systems Command,Indian Head,MD,0,federal,2026-07-22
Interdisciplinary Civil Engineer/Physical Scientist (Environmental),Bonneville Power Administration,Portland,OR,0,federal,2026-07-22
Clinical Laboratory Scientist,Veterans Health Administration,Los Angeles,CA,0,federal,2026-07-21
PHYSICAL SCIENTIST,Defense Threat Reduction Agency,Kirtland AFB,NM,0,federal,2026-07-17
Data Scientist,National Park Service,Homestead,FL,0,federal,2026-07-17
Archologist/Biologist/Ecologist/General/Environmental Eng/Physical Scientist/Geologist/Oceanographer,U.S. Army Corps of Engineers,Concord,MA,0,federal,2026-07-16
Clinical Lab Scientist,Veterans Health Administration,Indianapolis,IN,0,federal,2026-07-16
Clinical Laboratory Scientist,Indian Health Service,Inscription House,AZ,0,federal,2026-07-02
Physical Scientist,Bureau of Safety and Environmental Enforcement,Jefferson,LA,0,federal,2026-07-15
Supply System Analyst (Title 32) (Indefinite),Army National Guard Units,Richmond,VA,0,federal,2026-07-29
Management Analyst,Veterans Benefits Administration,Huntington,WV,0,federal,2026-07-29
Program Analyst (Financial Program Analyst),National Labor Relations Board,Washington,DC,0,federal,2026-07-29
Trademark Information Specialist,Patent and Trademark Office,Alexandria,VA,0,federal,2026-07-29
FINANCIAL MANAGEMENT ANALYST,U.S. Pacific Fleet,Pearl Harbor Naval Base,HI,0,federal,2026-07-29
Management and Program Analyst,Citizenship and Immigration Services,Salt Lake City,UT,0,federal,2026-07-29
Program Analyst,Veterans Health Administration,Lakewood,CO,0,federal,2026-07-29
MANAGEMENT ANALYST,U.S. Pacific Fleet,Bangor,WA,0,federal,2026-07-29
MANAGEMENT ANALYST,"Commander, Navy Installations Command",Washington Navy Yard,DC,0,federal,2026-07-29
MANAGEMENT AND PROGRAM ANALYST,"Agriculture, Rural Development",Olympia,WA,0,federal,2026-07-29
Management and Program Analyst (Training Analyst),Federal Aviation Administration,Fort Worth,TX,0,federal,2026-07-29
Management Analyst,"Agriculture, Rural Development",Saint Louis,MO,0,federal,2026-07-29
MANAGEMENT AND PROGRAM ANALYST (DMHRSI/MEPRS),Military Treatment Facilities under DHA,Eglin AFB,FL,0,federal,2026-07-29
Management and Program Analyst,Indian Health Service,Rockville,MD,0,federal,2026-07-29
PROGRAM ANALYST,Naval Air Systems Command,Orlando Naval Warfare Center,FL,0,federal,2026-07-29
Student Trainee (Administration and Analysis),Occupational Safety and Health Administration,Washington,DC,0,federal,2026-07-29
Budget Analyst,Veterans Health Administration,Palo Alto,CA,0,federal,2026-07-29
Management Analyst,Defense Logistics Agency,Naval Support Activity,PA,0,federal,2026-07-28
PROGRAM ANALYST (T32),Air National Guard Units,Ellington AFB,TX,0,federal,2026-07-29
IT Specialist (InfoSec) (Information Security Risk Threat Analyst),National Labor Relations Board,Washington,DC,0,federal,2026-07-28
MANAGEMENT ANALYST,Army National Guard Units,Carson City,NV,0,federal,2026-07-28
FINANCIAL MANAGEMENT ANALYST,Air National Guard Units,Bangor,ME,0,federal,2026-07-28
SUPPLY SYSTEMS ANALYST,Army National Guard Units,Carson City,NV,0,federal,2026-07-28
Management Analyst,Veterans Benefits Administration,Phoenix,AZ,0,federal,2026-07-28
Management and Program Analyst,Office of the Secretary of Health and Human Services,Washington,DC,0,federal,2026-07-28
Management Analyst,Occupational Safety and Health Administration,Honolulu,HI,0,federal,2026-07-28
PROGRAM ANALYST - TITLE 32,Army National Guard Units,Frankfort,KY,0,federal,2026-07-28
MANAGEMENT ANALYST,Naval Air Systems Command,Patuxent River,MD,0,federal,2026-07-28
MANAGEMENT ANALYST,United States Fleet Forces Command,Kittery,ME,0,federal,2026-07-28
Management and Program Analyst,Federal Aviation Administration,Tutuila Island,NA,0,federal,2026-07-28
Management Analyst,Indian Health Service,Salt Lake City,UT,0,federal,2026-07-28
FINANCIAL MANAGEMENT ANALYST,Naval Supply Systems Command,Naval Support Activity,PA,0,federal,2026-07-28
Health Policy and Issues Management Analyst,Administration for Strategic Preparedness and Response,Atlanta,GA,0,federal,2026-07-28
Management and Program Analyst,Customs and Border Protection,Washington,DC,0,federal,2026-07-28
Victim Notification System Operations Analyst,Executive Office for U.S. Attorneys and the Office of the U.S. Attorneys,Salt Lake City,UT,0,federal,2026-07-28
FINANCIAL MANAGEMENT ANALYST,Secretary of the Navy Offices (SECNAV),Marine Corps Air Station Miramar,CA,0,federal,2026-07-27
Research Analyst,Veterans' Employment and Training Service,Washington,DC,0,federal,2026-07-28
"Budget Analyst, PCF",Space Systems Command,Los Angeles,CA,0,federal,2026-07-28
Program Analyst,Veterans Health Administration,Battle Creek,MI,0,federal,2026-07-28
Program Analyst (Compliance Program Auditor),Veterans Health Administration,Durham,NC,0,federal,2026-07-27
BUDGET ANALYST,Army National Guard Units,Carson City,NV,0,federal,2026-07-27
FINANCIAL MANAGEMENT ANALYST,Air National Guard Units,Westhampton Beach,NY,0,federal,2026-07-27
Management Analyst,Federal Law Enforcement Training Centers,Glynco,GA,0,federal,2026-07-27
Management Analyst,National Cemetery Administration,Bath,NY,0,federal,2026-07-27
FINANCIAL MANAGEMENT ANALYST,Air National Guard Units,Forbes AFB,KS,0,federal,2026-07-27
IT SPECIALIST (CUSTSPT),United States Space Force,Schriever AFB,CO,0,federal,2026-07-29
Management Analyst,Veterans Benefits Administration,Portland,OR,0,federal,2026-07-27
Physical Security Specialist (Non-uniformed) - Recruitment/Relocation Incentive Authorized,Veterans Health Administration,Los Angeles,CA,0,federal,2026-07-29
INFORMATION TECHNOLOGY SPECIALIST (APPSW),U.S. Marine Corps,Stafford,VA,0,federal,2026-07-29
IT SPECIALIST (SYSADMIN),Military Treatment Facilities under DHA,Naval Medical Center,CA,0,federal,2026-07-29
INFORMATION TECHNOLOGY SPECIALIST (SYSADMIN),U.S. Pacific Fleet,Pearl Harbor,HI,0,federal,2026-07-29
Government Information Specialist (Arbitration),Federal Mediation and Conciliation Service,Washington,DC,0,federal,2026-07-29
INFORMATION TECHNOLOGY SPECIALIST (SYSADMIN/NETWORK),U.S. Pacific Fleet,Pearl Harbor,HI,0,federal,2026-07-29
IT SPECIALIST (INFOSEC),Naval Education and Training Command,Dam Neck Naval Facility,VA,0,federal,2026-07-29
INFORMATION TECHNOLOGY SPECIALIST (PLCYPLN/INFOSEC),U.S. Pacific Fleet,Naval Air Station San Diego,CA,0,federal,2026-07-29
Information Technology Cybersecurity Specialist (Security),U.S. Army Cyber Command,Kaiserslautern,NA,0,federal,2026-07-28
IT SPECIALIST (INFOSEC),Naval Education and Training Command,Yokosuka,NA,0,federal,2026-07-28
IT SPECIALIST (PLCYPLN),Air National Guard Units,Rickenbacker AFB,OH,0,federal,2026-07-28
INFORMATION TECHNOLOGY SPECIALIST (OPERATING SYSTEMS),Naval Education and Training Command,Millington,TN,0,federal,2026-07-28
INFORMATION TECHNOLOGY SPECIALIST (INFOSEC),Naval Facilities Engineering Systems Command,Naval Base,VA,0,federal,2026-07-28
IT CYBERSECURITY SPECIALIST,"Commander, Naval Information Warfare Systems Command (NAVWARSYSCOM)",Orlando,FL,0,federal,2026-07-28
Security Specialist,Food and Drug Administration,Phoenix,AZ,0,federal,2026-07-28
Information Technology Specialist (INFOSEC),Army Tank-Automotive and Armament Command (TACOM),Watervliet,NY,0,federal,2026-07-28
Systems Engineer Development Program - Entry to Mid Level (Maryland),National Security Agency/Central Security Service,Fort Meade,MD,0,federal,2026-07-27
Information Technology Cybersecurity Specialist (Security / Systems Analysis),U.S. Army Cyber Command,Fort Gordon,GA,0,federal,2026-07-27
Information Technology Specialist (Security / Network Services),U.S. Army Cyber Command,Fort Gordon,GA,0,federal,2026-07-27
IT Specialist (APPSW) - RECENT GRADUATES,National Transportation Safety Board,Washington,DC,0,federal,2026-07-27
IT CYBERSECURITY SPECIALIST (INFOSEC),Defense Information Systems Agency,Lackland AFB,TX,0,federal,2026-07-25
Information Technology Specialist (Applications Software),Customs and Border Protection,Ashburn,VA,0,federal,2026-07-27
IT Cybersecurity Specialist (STS/ADM),U.S. Secret Service,Washington,DC,0,federal,2026-07-24
INFORMATION TECHNOLOGY SPECIALIST (INFOSEC),Naval Air Systems Command,Naval Air Station Jacksonville,FL,0,federal,2026-07-24
IT Specialist (SYSADMIN),Deputy Assistant Secretary for Information and Technology,Salt Lake City,UT,0,federal,2026-07-24
Information Technology Specialist (Systems Administration),Military Treatment Facilities under DHA,Tinker AFB,OK,0,federal,2026-07-24
IT Cybersecurity Specialist,Bureau of Industry and Security,Washington,DC,0,federal,2026-07-23
Transportation Security Officer,Transportation Security Administration,Phoenix,AZ,0,federal,2026-07-29
Expert Transportation Security Officer - Security Training Instructor,Transportation Security Administration,Kailua Kona,HI,0,federal,2026-07-29
PHYSICAL SECURITY SPECIALIST,Air National Guard Units,Reno,NV,0,federal,2026-07-29
Histopathology Technologist,Veterans Health Administration,Dayton,OH,0,federal,2026-07-29
Transportation Security Officer,Transportation Security Administration,Nome,AK,0,federal,2026-07-29
SECURITY SPECIALIST,Air National Guard Units,Mansfield,OH,0,federal,2026-07-29
Biomedical Engineer,Veterans Health Administration,Tulsa,OK,0,federal,2026-07-29
Security Specialist,Department of Energy - Agency Wide,Washington,DC,0,federal,2026-07-29
Security Guard,United States Army Installation Management Command,Fort Bragg,NC,0,federal,2026-07-29
Personnel Security Specialist,Military Treatment Facilities under DHA,Lakenheath,NA,0,federal,2026-07-29
INTELLIGENCE SPECIALIST,United States Fleet Forces Command,Schofield Barracks,HI,0,federal,2026-07-29
SECURITY ASSISTANT,Naval Air Systems Command,Patuxent River,MD,0,federal,2026-07-29
Personnel Security Specialist,Department of State - Agency Wide,Arlington,VA,0,federal,2026-07-29
SECURITY SPEC (PORT/RECOVERY),U.S. Coast Guard,Houma,LA,0,federal,2026-07-29
DIGITAL TECHNOLOGY COORDINATOR,U.S. Pacific Fleet,Bremerton,WA,0,federal,2026-07-29
Intelligence Research Specialist,Customs and Border Protection,Pembroke Pines,FL,0,federal,2026-07-29
Without Compensation (WOC) - Research Statistical Assistant,Veterans Health Administration,Saint Louis,MO,0,federal,2026-07-28
Budget Analyst (Recent Graduate),National Telecommunications and Information Administration,Washington,DC,0,federal,2026-07-29
Auditor,National Labor Relations Board,Washington,DC,0,federal,2026-07-22
Auditor (Recent Graduate),Office of Inspector General,Birmingham,AL,0,federal,2026-07-27
Medical Records Technician (Coder) Auditor,Veterans Health Administration,Salt Lake City,UT,0,federal,2026-07-24
TITLE 5 AUDITOR (MI USPFO),Army National Guard Units,Lansing,MI,0,federal,2026-07-09
FINANCIAL MANAGEMENT ANALYST - Title 32,Army National Guard Units,Camp Williams,WI,0,federal,2026-07-17
BUSINESS ANALYST,VigorCare Pediatric Services,Atlanta,GA,0,fulltime,2026-08-02
BUSINESS ANALYST,VigorCare Pediatric Services,Louisville,KY,0,fulltime,2026-08-02
BUSINESS ANALYST,VigorCare Pediatric Services,Pittsburgh,PA,0,fulltime,2026-08-02
Data Analyst,VigorCare Pediatric Services,Los Angeles,CA,0,fulltime,2026-08-01
Business Analyst II,Stewart Title,NA,TX,1,fulltime,2026-08-01
Murex Data Management Business Analyst,Treliant LLC,New York,NY,0,fulltime,2026-08-01
Business Analyst,Cardiology Consultants of Philadelphia,Philadelphia,PA,0,fulltime,2026-07-31
Data Analyst 2,"Alterman, Inc.",San Antonio,TX,0,fulltime,2026-07-31
"Business Analyst, Manufacturing","Honda Aircraft Company, LLC",Greensboro,NC,0,fulltime,2026-07-31
Commercial Business Analyst,Flowserve Corporation,Irving,TX,0,fulltime,2026-07-31
Data Analyst - Supply Chain,Allen Control Systems,Pflugerville,TX,0,fulltime,2026-07-31
HR Data Analyst,DT Professional Services,Port Hueneme,CA,0,fulltime,2026-07-31
Business Analyst,Great American Insurance Group,Cincinnati,OH,0,fulltime,2026-07-31
Business Intelligence Information Technology Epic,NewYork-Presbyterian Hospital,New York,NY,0,fulltime,2026-07-31
MRO Business Analyst,Airbus,Grand Prairie,TX,0,fulltime,2026-07-31
IT Business Analyst,"Toll Brothers, Inc.",Upper Dublin Township,PA,0,fulltime,2026-07-31
Procurement Process & Data Analyst,Volvo Group,Shippensburg,PA,0,fulltime,2026-07-31
Data Analyst II,University of Rochester,City of Rochester,NY,0,fulltime,2026-07-31
Data Analyst,Avantor,Rensselaer,NY,0,fulltime,2026-07-31
Data Analyst I,University of Rochester,City of Rochester,NY,0,fulltime,2026-07-31
Data Analyst,Woodcraft Rangers,Los Angeles,CA,0,fulltime,2026-07-31
Financial Data Analyst CBO,Coffee Regional Medical C,Douglas,GA,0,fulltime,2026-07-30
Business Analyst Structured Analysis Pr,Softtek,San Jose,CA,0,fulltime,2026-07-30
Data Analyst,ProAct,Town of De Witt,NY,0,fulltime,2026-07-30
Data Analyst,KERRIDGE COMMERCIAL SYSTEMS CORP,Blue Bell,PA,0,fulltime,2026-07-30
Business Analyst,AAA Central Penn,Harrisburg,PA,0,fulltime,2026-07-30
Data Analyst,VigorCare Pediatric Services,Indianapolis,IN,0,fulltime,2026-07-30
BUSINESS ANALYST - ENERGY PRODUCT,Gruppo A2A,Milano,TX,0,fulltime,2026-07-30
VIE - Data Analyst (H/F) - New York,Hermès,New York,NY,0,fulltime,2026-07-30
Quality Assurance Business Analyst - Patient Access & Support Services (Remote),IQVIA,Durham,NC,1,fulltime,2026-07-30
Healthcare Operations Data Analyst,Rothman Orthopaedics,Philadelphia,PA,0,fulltime,2026-07-30
Business Analyst,Gainwell Technologies LLC,NA,OH,1,fulltime,2026-07-30
Technical Business Analyst,CSI,Paducah,KY,1,fulltime,2026-07-30
Product Data Analyst - Supply Chain Planning Platforms,The Coca-Cola Company,Atlanta,GA,0,fulltime,2026-07-30
Data Analyst,KPH Healthcare Services,Town of De Witt,NY,0,fulltime,2026-07-30
Client Platforms Salesforce Business Analyst,Ares Management Corporation,New York,NY,0,fulltime,2026-07-30
Merchandise Data Analyst,O'Reilly Auto Parts,Headquarters,KY,0,fulltime,2026-07-30
Business Analyst - Dallas - Cyber Security - CyberArk/Privileged Access Management,Capco,Dallas,TX,0,fulltime,2026-07-29
"Healthcare Data Analyst, Health and Clinical Outcomes Research (Onsite)",University of Texas Medical Branch (UTMB),Galveston,TX,0,fulltime,2026-07-29
Marketing Data Analyst,TransUnion,Chicago,IL,0,fulltime,2026-07-29
Associate Data Analyst,State of Indiana,Indianapolis,IN,0,fulltime,2026-07-29
Business Analyst (Starlink Growth Demand Planning),SpaceX,Hawthorne,CA,0,fulltime,2026-07-28
Health Data Analyst - Remote,Prime Therapeutics,Homer Township,IL,1,fulltime,2026-07-28
Epic Business Intelligence Developer,Cook Children's Health Care System,Fort Worth,TX,0,fulltime,2026-07-28
Business Intelligence Analyst - Finance,Crayola Corporate,Forks Township,PA,0,fulltime,2026-07-27
"Business Intelligence Engineer, Amazon Logistics, WW AMZL Business Intelligence and Analytics - ORBIT",Amazon,Austin,TX,0,fulltime,2026-07-27
SQL Data Analyst,CACI,Riverside,CA,0,fulltime,2026-07-27
"Business Analyst, Amazon Logistics, AMZL OTR Planning",Amazon,Austin,TX,0,fulltime,2026-07-20
TMS/FMS Business Analyst,COFREIGHT INC,Buena Park,CA,0,fulltime,2026-07-17
"2027 Technology, Data, AI & Ventures Summer Internship Program - Data Scientist Intern",New York Life,New York,NY,0,internship,2026-07-31
Data Scientist - Information Technology,ServiceLink,Plano,TX,0,fulltime,2026-07-31
Quantum Solutions Engineer - Scientific Machine Learning M/W,Pasqal,Chicago,IL,0,fulltime,2026-07-31
AI/ML Data Scientist | Onsite,Photon,Dallas,TX,0,fulltime,2026-07-31
Data Scientist,Havis Inc,Warminster Township,PA,0,fulltime,2026-07-31
"Machine Learning Engineer I, Network",Handshake,San Francisco,CA,0,fulltime,2026-07-31
Data Scientist (Decision Sciences Team),CVS Health,New York,IN,1,fulltime,2026-07-31
"Data Scientist, Consultant (Utilities)",Guidehouse,Atlanta,GA,0,fulltime,2026-07-31
"Machine Learning Intern, Manipulation",Persona AI Inc,Houston,TX,0,internship,2026-07-31
"Data Engineer - Oracle, MySQL, OLTP",PNC,Strongsville,OH,0,fulltime,2026-07-31
"Research Data Scientist, Brand Advertising, YouTube Ads",Google,Mountain View,CA,0,fulltime,2026-07-30
Machine Learning Engineer 2,Comcast,New York,NY,0,fulltime,2026-07-31
Machine Learning Researcher,Jane Street,New York,NY,0,fulltime,2026-07-30
Jr Data Scientist,Focus Camera LLC.,New York,NY,0,fulltime,2026-07-30
Data Engineer,Jane Street,New York,NY,0,fulltime,2026-07-30
"R and Python Programmer / Data Scientist, Epidemiologic Research (Durational with Benefits)",Kaiser Permanente,Pasadena,CA,0,fulltime,2026-07-30
Data Engineer,Pedestal Health,Research Triangle Park,NC,0,fulltime,2026-07-30
Machine Learning Engineer I,Fox Corporation,New York,NY,0,fulltime,2026-07-30
Data Scientist,Grainger Businesses,Lake Forest,IL,0,fulltime,2026-07-30
"Data Engineer, Specialist Technology Team (STT), Centralized Data & Analytics",Amazon,Austin,TX,0,fulltime,2026-07-30
Machine Learning Engineer,Dow,Houston,IL,0,fulltime,2026-07-30
Data Scientist Markets,Polymarket,New York,NY,0,fulltime,2026-07-30
Machine Learning Engineer,Unity Technologies,Mountain View,CA,1,fulltime,2026-07-30
"Data Engineer, Battery Data Platform & AI",Apple,Cupertino,CA,0,fulltime,2026-07-29
Machine Learning Engineer - AI Evaluation & LLM Systems,Apple,Cupertino,CA,0,fulltime,2026-07-29
Data Engineer II - General Motors Insurance,GM Financial,Fort Worth,TX,1,fulltime,2026-07-29
Autonomous Driving – Internship in Machine Learning,Bosch Group,Sunnyvale,CA,0,internship,2026-07-29
Data Scientist,Bread Financial,Frisco,TX,0,fulltime,2026-07-29
Data Engineer,Charles Schwab Inc.,Austin,TX,0,fulltime,2026-07-29
Machine Learning Engineer - Behavior and Planning,Applied Intuition,Sunnyvale,CA,0,fulltime,2026-07-29
Data Scientist I - Card Fraud,Truist Bank,Atlanta,GA,0,fulltime,2026-07-29
NCS Data Scientist,The Nature Conservancy,Arlington,IN,1,fulltime,2026-07-29
Data Scientist 2,"null, AAA Texas LLC",Coppell,TX,0,fulltime,2026-07-28
Supply Chain Data Scientist,FormFactor Inc.,Farmers Branch,TX,0,fulltime,2026-07-28
Associate Data Scientist,OCLC,Dublin,OH,0,fulltime,2026-07-28
"Data Engineer, Data Center Engineering, Data Center Engineering Analytics",Amazon,Atlanta,GA,0,fulltime,2026-07-28
Associate Data Scientist,Jerry.ai,New York,NY,1,fulltime,2026-07-27
Data Scientist,Jerry.ai,New York,NY,1,fulltime,2026-07-27
IT Analyst I - Infrastructure,Neovia Logistics Services,Indianapolis,IN,0,fulltime,2026-07-31
HR Systems Analyst,"Medpace, Inc.",Cincinnati,OH,0,fulltime,2026-07-30
Business Systems Analyst,Toyota Industries Corporation,Indianapolis,IN,0,fulltime,2026-07-30
Business Systems Analyst,Kinder's,Walnut Creek,CA,0,fulltime,2026-07-30
Information Systems Security Analyst (ACL),V2X,Saint Helena,CA,0,fulltime,2026-07-30
IT Support Technician & Information Systems Security Officer (ISSO),AIT,Plano,TX,0,fulltime,2026-07-30
EPIC APPLICATION SYSTEMS ANALYST (ON-SITE ONLY),Slocum Dickson Medical Group,Town of New Hartford,NY,0,fulltime,2026-07-30
Epic Systems Analyst - Benefits/Claims,Cook Children's Health Care System,Fort Worth,TX,0,fulltime,2026-07-30
IT Clinical Systems Analyst (Epic Grand Central),UMC Health System,Richmond,KY,0,fulltime,2026-07-30
"Information Systems Security Officer, Mid",Booz Allen Hamilton,Wright-Patterson AFB,OH,0,fulltime,2026-07-30
Systems Analyst II,Pacific Life,Charlotte,NC,0,fulltime,2026-07-30
Systems Analyst - Spectacor,Comcast,Philadelphia,PA,0,fulltime,2026-07-30
Junior Business Systems Analyst,OE Federal Credit Union,Livermore,CA,0,fulltime,2026-07-29
IT Analyst I,"Chick-fil-A, Inc.",Atlanta,GA,0,fulltime,2026-07-29
Associate Financial Systems Analyst,SOCOTEC,Dallas,TX,0,fulltime,2026-07-29
Salesforce Business Systems Analyst (Hybrid),STERIS Corporation,Mentor,OH,0,fulltime,2026-07-29
URBN Operations Systems Analyst,URBN,Salisbury Township,PA,0,fulltime,2026-07-29
IT Business Systems Analyst II,Stewart Title,Irvine,CA,0,fulltime,2026-07-29
IT Business Systems Analyst II,Giesecke+Devrient,Lemont,IL,0,fulltime,2026-07-29
Systems Analyst,Options For Learning,West Covina,CA,0,fulltime,2026-07-28
Junior Web Developer / Business Systems Analyst,Premier Research Labs,Austin,TX,0,fulltime,2026-07-28
IT Business Systems Analyst I,State of North Carolina,NA,NC,0,fulltime,2026-07-28
"Software Asset Management Analyst (Information Systems Analyst I, Option C)",State of Illinois,Springfield,IL,0,fulltime,2026-07-28
Business Systems Analyst - Learning Management System,LLNL,Livermore,CA,0,fulltime,2026-07-27
Enterprise Geospatial Systems Analyst,Range Resources,Fort Worth,TX,0,fulltime,2026-07-27
IT Analyst,Dow,Houston,TX,0,fulltime,2026-07-27
Associate Information Security Consultant – Pentest Liaison,Truist Bank,Charlotte,NC,0,fulltime,2026-08-01
Cybersecurity Analyst,UnitedHealth Group,Raleigh,NC,1,fulltime,2026-07-31
Information Security Anl,Queensborough National Bank and Trust Co.,Augusta,GA,0,fulltime,2026-07-30
IT Cybersecurity Analyst II,Club Car LLC,NA,GA,0,fulltime,2026-07-31
Government Information Security Engineer,Intel Corporation,Santa Clara,CA,0,fulltime,2026-07-31
"Information Security Engineer, Product Security Engineering",Google,Sunnyvale,CA,0,fulltime,2026-07-30
IT Auditor II,Centene Corporation,NA,IL,1,fulltime,2026-07-30
Information Security Risk Specialist,Booz Allen Hamilton,Scott AFB,IL,0,fulltime,2026-07-30
Information Security Coordinator – Policy and Training,NXP Semiconductors,Austin,TX,0,fulltime,2026-07-30
Information Security Engineer Hybrid,Cisco,NA,NC,0,fulltime,2026-07-30
IT Security Analyst,Whitley Penn,University Park,TX,0,fulltime,2026-07-29
Security Analyst - SOC - Tuesday - Friday 10pm EST - 8am EST,PNC,Strongsville,OH,0,fulltime,2026-07-29
2027 IT Audit Intern,Fifth Third Bank,Cincinnati,OH,0,internship,2026-07-27
Data Analytics Intern- Fall 2026,Jomboy Media,New York,NY,0,internship,2026-07-31
Autonomous Truck Uptime Processes & Data Analytics Intern,Volvo Autonomous Solutions US LLC,Fort Worth,TX,0,internship,2026-07-29
Data Science Intern,Leidos,San Diego,CA,0,internship,2026-07-29
IT Intern,Abilene Goodwill Industries,Abilene,TX,0,internship,2026-07-29
AI Automation & Business Analytics Intern (Rotational Program),Brio Water Technology,Glendale,CA,0,internship,2026-07-16
Consumer Affairs Analyst,National Credit Union Administration,Alexandria,VA,0,federal,2026-07-31
Computer Scientist,National Institutes of Health,Montgomery County,MD,0,federal,2026-08-01
OPERATIONS RESEARCH ANALYST (DATA SCIENTIST),Defense Human Resources Activity,Alexandria,VA,0,federal,2026-07-31
Program Analyst,Veterans Health Administration,Orlando,FL,0,federal,2026-07-31
Program Analyst,Veterans Health Administration,Jackson,MS,0,federal,2026-07-30
Program Analyst,Veterans Health Administration,San Francisco,CA,0,federal,2026-07-30
Health System Specialist - Systems Redesign Specialist,Veterans Health Administration,Prescott,AZ,0,federal,2026-07-30
Business Financial Analyst,Architect of the Capitol,Washington,DC,0,federal,2026-07-29
Management Analyst,Veterans Health Administration,Atlanta,GA,0,federal,2026-07-29
COMPUTER SCIENTIST (AI TEST AND EVALUATION),Defense Threat Reduction Agency,Fort Belvoir,VA,0,federal,2026-07-31
Clinical Laboratory Scientist,Veterans Health Administration,Little Rock,AR,0,federal,2026-07-31
Clinical Lab Scientist,Veterans Health Administration,Cleveland,OH,0,federal,2026-07-31
Clinical Laboratory Scientist (Pathology & Laboratory Medicine Service),Veterans Health Administration,Viera,FL,0,federal,2026-07-31
Clinical Laboratory Scientist - Blood Bank,Veterans Health Administration,Houston,TX,0,federal,2026-07-30
General Engineer,Naval Air Systems Command,Tucson,AZ,0,federal,2026-07-30
Computer Scientist,Federal Aviation Administration,Washington,DC,0,federal,2026-07-30
RF Systems Data Scientist,National Institute of Standards and Technology,Boulder,CO,0,federal,2026-07-30
Clinical Laboratory Scientist,Veterans Health Administration,Augusta,ME,0,federal,2026-07-27
Data Scientist,ARMY TRANSPORTATION,Scott AFB,IL,0,federal,2026-07-23
Clinical Laboratory Scientist,Military Treatment Facilities under DHA,Minot,ND,0,federal,2026-07-18
MANAGEMENT ANALYST,United States Fleet Forces Command,Fort Meade Naval Facilities,MD,0,federal,2026-08-02
Business Operations Analyst,U.S. Coast Guard,Petaluma,CA,0,federal,2026-08-01
FINANCIAL MANAGEMENT ANALYST,U.S. Marine Corps,Twentynine Palms,CA,0,federal,2026-08-01
Management and Program Analyst (Technical Support Management Specialist),Federal Aviation Administration,Miami,FL,0,federal,2026-08-01
Management and Program Analyst,Commodity Futures Trading Commission,Washington,DC,0,federal,2026-07-31
Management Analyst,Veterans Health Administration,Lancaster,CA,0,federal,2026-07-31
Management Analyst,Bureau of Prisons/Federal Prison System,Washington,DC,0,federal,2026-07-31
Management Analyst,Bureau of Prisons/Federal Prison System,Los Angeles,CA,0,federal,2026-07-31
TITLE 32 FINANCIAL MANAGEMENT ANALYST GS-0501-11,Air National Guard Units,Charleston,WV,0,federal,2026-07-31
Management Analyst,Executive Office for U.S. Attorneys and the Office of the U.S. Attorneys,Norfolk,VA,0,federal,2026-07-31
MANAGEMENT ANALYST,United States Fleet Forces Command,Naval Shipyard,VA,0,federal,2026-07-31
"Management Analyst, NF-04",United States Army Installation Management Command,Fort Sam Houston,TX,0,federal,2026-07-31
Management and Program Analyst,Animal and Plant Health Inspection Service,Fort Collins,CO,0,federal,2026-07-31
DATA MANAGEMENT ANALYST,Defense Information Systems Agency,Fort Meade,MD,0,federal,2026-07-31
FINANCIAL MANAGEMENT ANALYST,Naval Supply Systems Command,Naval Support Activity,PA,0,federal,2026-07-31
Management Analyst,Animal and Plant Health Inspection Service,Fort Collins,CO,0,federal,2026-07-31
Management Analyst,Federal Law Enforcement Training Centers,Artesia,NM,0,federal,2026-07-31
MANAGEMENT AND PROGRAM ANALYST,Air Force Office of Special Investigations,Quantico,VA,0,federal,2026-07-31
MANAGEMENT & PROGRAM ANALYST,"Commander, Navy Installations Command",Washington Navy Yard,DC,0,federal,2026-07-31
County Program Analyst,Farm Service Agency,Higginsville,MO,0,federal,2026-07-31
FINANCIAL MANAGEMENT ANALYST,Immediate Office of the Chief of Naval Operations,Washington Navy Yard,DC,0,federal,2026-07-31
Recent Graduate - Budget Analyst,Employment and Training Administration,Washington,DC,0,federal,2026-07-31
BUDGET ANALYST,"U.S. Air Forces, Europe",Spangdahlem,NA,0,federal,2026-07-31
PROGRAM ANALYST T32,Army National Guard Units,Phoenix,AZ,0,federal,2026-07-30
MANAGEMENT ANALYST,U.S. Marine Corps,Camp Lejeune,NC,0,federal,2026-07-30
Financial Management Analyst,Air Education and Training Command,Lackland AFB,TX,0,federal,2026-07-30
Management Analyst,United States Army Installation Management Command,Fort Hood,TX,0,federal,2026-07-30
IT SPEC (SYSADMIN),Air National Guard Units,Des Moines,IA,0,federal,2026-07-30
FINANCIAL MANAGEMENT ANALYST,Air National Guard Units,Otis ANG Base,MA,0,federal,2026-07-30
FINANCIAL MANAGEMENT ANALYST,U.S. Marine Corps,Arlington,VA,0,federal,2026-07-30
MANAGEMENT & PROGRAM ANALYST,U.S. Pacific Fleet,Fallon,NV,0,federal,2026-07-30
Budget Analyst,Federal Energy Regulatory Commission,Washington,DC,0,federal,2026-07-30
PROGRAM ANALYST,United States Fleet Forces Command,Coronado,CA,0,federal,2026-07-30
MANAGEMENT ANALYST,U.S. Pacific Fleet,Naval Air Station San Diego,CA,0,federal,2026-07-30
Management and Program Analyst,"Agriculture, Rural Development",Jackson,MS,0,federal,2026-07-30
MANAGEMENT ANALYST,United States Fleet Forces Command,Washington,DC,0,federal,2026-07-30
Financial Management Analyst,Military Treatment Facilities under DHA,Pearl Harbor,HI,0,federal,2026-07-30
Management and Program Analyst- Federal Reserve Liaison Analyst,Bureau of the Fiscal Service,Washington,DC,0,federal,2026-07-30
Financial Management Analyst,Defense Health Agency,San Diego,CA,0,federal,2026-07-30
Program Analyst,Bonneville Power Administration,Vancouver,WA,0,federal,2026-07-30
Budget Analyst,National Oceanic and Atmospheric Administration,Silver Spring,MD,0,federal,2026-07-30
IT SPECIALIST (APPSW),Defense Health Agency,San Antonio,TX,0,federal,2026-08-01
Information Technology Specialist (Systems Analysis/Applications Software),Internal Revenue Service,Anchorage,AK,0,federal,2026-07-31
IT SPECIALIST (INFOSEC),U.S. Pacific Fleet,Singapore,NA,0,federal,2026-07-31
IT Specialist (SYSANALYSIS),Defense Logistics Agency,Battle Creek,MI,0,federal,2026-07-31
IT Specialist (DATAMGT/ENTARCH),Defense Logistics Agency,Battle Creek,MI,0,federal,2026-07-31
Cytotechnologist,Veterans Health Administration,Indianapolis,IN,0,federal,2026-07-31
IT SPECIALIST (DATA MANAGEMENT/CUSTSPT),Bureau of Naval Personnel,Millington,TN,0,federal,2026-07-31
IT Specialist (Systems Administration),Centers for Medicare & Medicaid Services,Woodlawn,MD,0,federal,2026-07-31
IT SPECIALIST (NETWORK),Naval Sea Systems Command,Naval Surface Warfare Center,MD,0,federal,2026-07-31
IT Specialist (INFOSEC),Military Treatment Facilities under DHA,Fort Campbell,TN,0,federal,2026-07-31
Information Technology Specialist (Network Services),U.S. Army Cyber Command,Adams County,PA,0,federal,2026-07-31
IT SPECIALIST (SYSADMIN/INFOSEC),United States Fleet Forces Command,Naval Shipyard,VA,0,federal,2026-07-31
IT CYBERSECURITY SPECIALIST (CUSTSPT/INFOSEC),Defense Information Systems Agency,Montgomery,AL,0,federal,2026-07-31
IT CYBERSECURITY SPECIALIST (SYSANALYSIS/INFOSEC),Defense Information Systems Agency,Falls Church,VA,0,federal,2026-07-31
Physical Security Specialist,United States Army Installation Management Command,Fort Bliss,TX,0,federal,2026-07-31
Physical Security Specialist (Integrated Commercial Intrusion Detection Systems/ System Admin),United States Army Installation Management Command,Fort Bliss,TX,0,federal,2026-07-31
Information Technology Specialist,Executive Office for U.S. Attorneys and the Office of the U.S. Attorneys,Chicago,IL,0,federal,2026-07-30
SECURITY OFFICER (TITLE 5),Air National Guard Units,Jacksonville,FL,0,federal,2026-07-30
Information Technology Specialist (CUSTSPT),Pacific Air Forces,Elmendorf AFB,AK,0,federal,2026-07-30
IT Specialist (Security & Operating Systems),"Commander, Navy Installations Command",Millington,TN,0,federal,2026-07-30
General Engineer,Department of Energy - Agency Wide,Albany,OR,0,federal,2026-07-31
Physical Scientist,Department of Energy - Agency Wide,Albany,OR,0,federal,2026-07-31
IT CYBERSECURITY SPECIALIST (INFOSEC),Naval Supply Systems Command,Naval Support Activity,PA,0,federal,2026-07-30
IT Cybersecurity Specialist (STS/ADM),U.S. Secret Service,Washington,DC,0,federal,2026-07-30
IT SPECIALIST (INFOSEC),Naval Facilities Engineering Systems Command,Capodichino,NA,0,federal,2026-07-30
IT SPECIALIST (INFOSEC),U.S. Marine Corps,Stafford,VA,0,federal,2026-07-29
INFORMATION TECHNOLOGY SPECIALIST (NETWORK),U.S. Marine Corps,Stafford,VA,0,federal,2026-07-29
INFORMATION SECURITY SPECIALIST (Title 5),Air National Guard Units,Ellington AFB,TX,0,federal,2026-08-01
FUEL DISTRIBUTION SYSTEM WORKER,Army National Guard Units,Camp Dodge Military Reservation,IA,0,federal,2026-07-31
Systems Administrator,National Institute of Standards and Technology,Rockville,MD,0,federal,2026-07-28
Intelligence Research Specialist,Citizenship and Immigration Services,Camp Springs,MD,0,federal,2026-07-31
Transportation Security Officer,Transportation Security Administration,Carlsbad,NM,0,federal,2026-07-31
Security Specialist (Port),U.S. Coast Guard,Staten Island,NY,0,federal,2026-07-31
Security Assistant,Veterans Health Administration,Palo Alto,CA,0,federal,2026-07-31
Transportation Security Officer,Transportation Security Administration,Little Rock,AR,0,federal,2026-07-31
"SECURITY GUARD (Indefinite, May Become Permanent)",Air National Guard Units,Sioux City,IA,0,federal,2026-07-31
Statistician (Health),Substance Abuse and Mental Health Services Administration,Rockville,MD,0,federal,2026-07-31
Without Compensation (WOC) - Research Statistician,Veterans Health Administration,Saint Louis,MO,0,federal,2026-07-22
Operations Engineer,Nuclear Regulatory Commission,Atlanta,GA,0,federal,2026-07-30
Systems Accountant,Federal Aviation Administration,Oklahoma City,OK,0,federal,2026-08-01
Data Analyst - Global Growth Luxury Strategy,Lyft,New York,NY,0,fulltime,2026-08-07
"Data Analyst, Center of Surgical and Transplant Applied Research (CSTAR)",NYU Langone Health,New York,NY,0,fulltime,2026-08-07
Business Analyst,Verisk,College Station,TX,0,fulltime,2026-08-07
Business Analyst,United Ground Express,Chicago,IL,0,fulltime,2026-08-07
Healthcare Data Analyst Intern (Summer 2027) - Indianapolis Health,Milliman,Indianapolis,IN,0,internship,2026-08-07
EHS Data Analyst / System Administrator,Oldcastle BuildingEnvelope,Dallas,TX,0,fulltime,2026-08-07
"Data Analyst, People Analytics",RVO Health,Charlotte,NC,0,fulltime,2026-08-07
IT Business Analyst (Non-Merit),Kentucky Personnel Cabinet,Frankfort,KY,0,fulltime,2026-08-07
"Business Analyst II, Creator Partnerships, YouTube",Google,Los Angeles,CA,0,fulltime,2026-08-07
Business Intelligence Analyst - Scintilla,"Kontoor Brands, Inc.",Greensboro,NC,0,fulltime,2026-08-07
Business Intelligence Developer (Fabric),ICF,Atlanta,GA,1,fulltime,2026-08-07
Division Data Analyst,State of North Carolina,NA,NC,0,fulltime,2026-08-07
FINANCIAL DATA ANALYST - STRATEGIC ANALYTICS (HYBRID),Compass Group,Charlotte,NC,0,fulltime,2026-08-07
"Business Analyst, Whole Foods Market E-Commerce",Amazon,Austin,TX,0,fulltime,2026-08-07
Logistics Data Analyst,Universal Music Group,Los Angeles,CA,0,fulltime,2026-08-07
BHMG Coding Business Analyst,BHS,NA,IN,1,fulltime,2026-08-07
Business Analyst I,Aston Carter,New York,NY,1,fulltime,2026-08-07
Data Analyst,PMA Companies,Whitpain Township,PA,0,fulltime,2026-08-06
Data Analyst,RADcube - A NLogix Company,Indianapolis,IN,0,fulltime,2026-08-07
"Data Analyst, Media Marketing",Archetype,New York,NY,0,fulltime,2026-08-06
Data Analyst - Revenue Management,Public Storage,Glendale,CA,0,fulltime,2026-08-06
Data Analyst - Revenue Management,Public Storage,Frisco,TX,0,fulltime,2026-08-06
Revenue Cycle and Data Analyst Cath Lab,Ascension,Austin,TX,0,fulltime,2026-08-06
Business Analyst - Tax Product Development,BDO USA,Philadelphia,PA,0,fulltime,2026-08-06
Management Audit and Data Analyst,City of New York,New York,NY,0,fulltime,2026-08-06
Business Analyst - Specialty Sales & Solutions,Option Care Health,Bannockburn,IL,0,fulltime,2026-08-06
Salesforce Business Analyst,Guidehouse,Lewisville,TX,0,fulltime,2026-08-06
Business Analyst - Eligibility Systems,Guidehouse,Sacramento,CA,0,fulltime,2026-08-06
Business Analyst,Pacific Gas And Electric Company,Oakland,CA,0,fulltime,2026-08-06
Business Intelligence Developer Associate,State of Indiana,Indianapolis,IN,0,fulltime,2026-08-06
Business Analyst,Brown & Brown Insurance,Plano,TX,0,fulltime,2026-08-06
Data Analyst (27455),Sunlight Financial LLC,Charlotte,NC,0,fulltime,2026-08-06
Business Analyst I - Intern/Co-op Conversion 2027,Duke Energy Corporation,Charlotte,NC,0,fulltime,2026-08-06
Data Analyst,Copeland,Sidney,OH,0,fulltime,2026-08-06
Talent Operations & HR Business Analyst,AXIS (AXIS Capital),New York,NY,0,fulltime,2026-08-06
Risk Analytics Consultant,Wells Fargo,Irving,TX,0,fulltime,2026-08-06
Agile Business Analyst,VTG,Beavercreek,OH,0,fulltime,2026-08-05
Frac Data Analyst,Corva,Houston,TX,1,fulltime,2026-08-05
Business Analyst II,William Blair,Chicago,IL,0,fulltime,2026-08-05
Data Analyst,Zest AI,Burbank,CA,1,fulltime,2026-08-05
Data Analyst,Stratolaunch,Mojave,CA,0,fulltime,2026-08-05
Associate Business Analyst,Great American Insurance Group,New York,NY,0,fulltime,2026-08-06
Data Analyst - Community Health,Providence,Burbank,CA,0,fulltime,2026-08-05
Data Analyst - Contract,Quarterhill,Frisco,TX,0,fulltime,2026-08-05
Business Analyst - Workday Financials,Ensign Services,San Juan Capistrano,CA,0,fulltime,2026-08-05
Data Analyst,City of New York,New York,NY,0,fulltime,2026-08-05
Junior Business Analyst,Jobs for Humanity,Chicago,IL,0,fulltime,2026-08-05
"Business Analyst, System Work Equipment",Canadian National Railway Company,Homewood,IL,0,fulltime,2026-08-05
Data Analyst,Lumexa Imaging,Charlotte,NC,0,fulltime,2026-08-05
Business Analyst,AXXESS CONSULT INC,Dallas,TX,0,fulltime,2026-08-05
Data Analyst,Leidos,Fort Worth,TX,0,fulltime,2026-08-06
"Data Analyst, AI & ML (Chicago-based)",seoClarity,Chicago,IL,0,fulltime,2026-08-05
"Digital Business Analyst, Digital CX",Toyota Material Handling,Columbus,IN,0,fulltime,2026-08-05
Business Analyst,State of North Carolina,NA,NC,0,fulltime,2026-08-05
Business Analytics Consultant - PNC Wealth Management,PNC,Pittsburgh,PA,0,fulltime,2026-08-05
Marketing Business Analyst & Operations Coordinator,SafeLease,Austin,TX,1,fulltime,2026-08-05
"Vendor Master, Junior Data Analyst",Abbott,Chicago,IL,0,fulltime,2026-08-05
Marketing Data Analyst - Amazon Marketing Cloud (Contract),Blue Wheel Media,Chicago,IL,0,fulltime,2026-08-05
Business Analyst - EBS Business Process Support,Marathon Petroleum Corporation,Findlay,OH,0,fulltime,2026-08-05
P&C Data Analyst,"Brookfield Wealth Solutions, Ltd",Chicago,IL,0,fulltime,2026-08-05
Business Intelligence Analyst,Benda Infotech,Chicago,IL,0,fulltime,2026-08-05
"Developer, Business Intelligence",Quest Diagnostics,West Norriton Township,PA,1,fulltime,2026-08-04
Data Analyst,Shield  California Health,Santa Clarita,CA,0,fulltime,2026-08-04
Corporate Business Analyst,Pratt Industries,Atlanta,GA,0,fulltime,2026-08-04
Data Analyst – Mid/Back Office Tech Team,Geneva Trading,Chicago,IL,0,fulltime,2026-08-04
"Data Analyst, Transit Development",City of New York,New York,NY,0,fulltime,2026-08-04
Data Analyst (FFTL),Kentucky Personnel Cabinet,Frankfort,KY,0,fulltime,2026-08-04
"Data Analyst, Violence Prevention Initiatives (VPI), Bureau of Health Equity Capacity Building",City of New York,New York,NY,0,fulltime,2026-08-04
Associate Marketing Data Analyst,Ingram Micro,Irvine,CA,0,fulltime,2026-08-04
Business Analyst - Digital Products,Roadrunner,Downers Grove,IL,0,fulltime,2026-08-04
"Data Analyst, Marketing",General Electric Credit Union,Blue Ash,OH,0,fulltime,2026-08-04
Business Intelligence Specialist II,Select Medical,Mechanicsburg,PA,0,fulltime,2026-08-04
Business Analyst / Strategist,Indeed,Austin,TX,0,fulltime,2026-08-04
IT Data Analyst,First Student,Cincinnati,OH,0,fulltime,2026-08-04
"Price, Promotion & Master Data Analyst",Samsung Electronics,Plano,TX,0,fulltime,2026-08-04
"Data Analyst, Associate - Private Equity Technology",Blackstone,New York,NY,0,fulltime,2026-08-04
"Business Analyst, Product Development","Intercontinental Exchange Holdings, Inc.",Atlanta,GA,0,fulltime,2026-08-04
Business Systems Analyst / Data Analyst,TEKsystems,Indianapolis,IN,0,fulltime,2026-08-04
Data Analyst 2,Primerica,Duluth,GA,0,fulltime,2026-08-04
Data Analyst,KIPP,Houston,TX,0,fulltime,2026-08-03
New Business Analyst,New York Life,Bethlehem,PA,0,fulltime,2026-08-03
"Data Analyst, Private Markets",Canoe Intelligence,New York,NY,0,fulltime,2026-08-03
Strategy Data Analyst,"Peak Retirement Planning, Inc.",Columbus,OH,0,fulltime,2026-08-03
Business Analyst - Healthcare - UAT,Gainwell Technologies LLC,NA,OH,1,fulltime,2026-08-03
Business Intelligence Analyst,Sulzer,Pasadena,CA,0,fulltime,2026-08-03
Business Analyst,Gainwell Technologies LLC,NA,OH,1,fulltime,2026-08-03
Business Intelligence Engineer,TaylorMade Golf Company,Carlsbad,CA,0,fulltime,2026-08-03
"DATA ANALYST, PROGRAMS",NORTH EAST MEDICAL SERVICES,Daly City,CA,0,fulltime,2026-08-03
Salesforce Data Analyst,Airgas,Radnor,PA,0,fulltime,2026-08-03
Public Health Business Analyst,Booz Allen Hamilton,Atlanta,GA,0,fulltime,2026-08-03
"Data Analyst-Organizational Culture & Engagement Data Analyst (Full-Time Hybrid, Morrisville, North Carolina Based)",Alliance Health,Durham,NC,0,fulltime,2026-08-03
Business Intelligence Developer Internship - Summer 2027,Uline,Glenview,IL,0,internship,2026-08-03
"Data Analyst, Manhattan",CENTER FOR FAMILY REPRESENTATION,New York,NY,0,fulltime,2026-07-31
Technical Business Analyst,Ascensus,Pittsburgh,PA,0,fulltime,2026-07-31
Operations Data Analyst,"US Conec, Ltd.",Hickory,NC,0,fulltime,2026-07-29
Business Analyst – IT,Clemens Food Group LLC,Hatfield Township,PA,0,fulltime,2026-07-27
Data Analyst,First National Bank Texas,Killeen,TX,0,fulltime,2026-07-24
"Internal Business Analyst (Operations, Process Improvement & Automation)",CompassX Group,Irvine,CA,0,fulltime,2026-08-04
Data Analyst I,Cintas,Mason,OH,0,fulltime,2026-08-03
Data Analyst,Bandera Electric Cooperative,NA,TX,0,fulltime,2026-07-24
Business Analyst (Hybrid),NYCM Insurance,Town of Edmeston,NY,0,fulltime,2026-07-22
Master Data Analyst,The AZEK Company,Berwyn,IL,0,fulltime,2026-07-21
Corporate Management Planning Associate (Data Analyst),Nongshim USA INC,Rancho Cucamonga,CA,0,fulltime,2026-07-16
Civic Data Analyst (Sustainable Mobility),Trilon Group,Los Angeles,CA,0,fulltime,2026-07-15
Junior AI Data Engineer,Cortica - Neurodevelopmental,San Diego,CA,1,fulltime,2026-08-07
Data Engineer,ACCO Engineered Systems,Pasadena,CA,0,fulltime,2026-08-07
Machine Learning Engineer,Glint Tech Solutions LLC,Santa Clara,CA,0,fulltime,2026-08-07
Machine Learning Engineer - New Grad 2026,Nextdoor,San Francisco,CA,0,fulltime,2026-08-07
Machine Learning Engineer,Qualcomm,Raleigh,NC,0,fulltime,2026-08-07
Data Engineer,Huntington National Bank,Columbus,OH,0,fulltime,2026-08-07
Data Engineer (Grant Funded),Lurie Children's Hospital,Chicago,IL,0,fulltime,2026-08-07
Data Engineer (Grant Funded),Ann & Robert H. Lurie Children's Hospital of Chicago,Chicago,IL,0,fulltime,2026-08-07
Software Engineer Systems Machine Learning - Frameworks,Meta,Sunnyvale,CA,0,fulltime,2026-08-07
"Data Engineer, Marketplace",Amazon,Austin,TX,0,fulltime,2026-08-07
"Data Engineer I, Sales Data Services (SDS)",Amazon,New York,NY,0,fulltime,2026-08-07
Data Scientist - Delivery Data Science,The Home Depot,Atlanta,GA,0,fulltime,2026-08-07
Data Scientist,Caterpillar Inc.,Morton,IL,0,fulltime,2026-08-07
Junior Machine Learning Engineer,The Coca-Cola Company,Atlanta,GA,0,fulltime,2026-08-07
URBN Data Scientist,URBN,Philadelphia,PA,0,fulltime,2026-08-07
Data Scientist,RADcube - A NLogix Company,Indianapolis,IN,0,fulltime,2026-08-07
Display Algorithm Engineer / Machine Learning Engineer,Apple,NA,CA,0,fulltime,2026-08-06
Research Data Scientist - Artificial Intelligence in Medicine Research Center,Cedars-Sinai,Los Angeles,CA,0,fulltime,2026-08-06
Entry Level Data Scientist,"null, AAA Texas LLC",Coppell,TX,0,fulltime,2026-08-06
Data Engineer,Waystar,Atlanta,GA,0,fulltime,2026-08-06
Machine Learning Engineer,Flexjet,Highland Heights,OH,0,fulltime,2026-08-06
AI & Machine Learning Engineer,USAA,San Antonio,TX,0,fulltime,2026-08-07
"Data Scientist, Amazon Connect",Amazon,New York,NY,0,fulltime,2026-08-06
LD&T Data Engineer,PepsiCo,Plano,TX,0,fulltime,2026-08-06
Data Engineer,Clera,San Francisco,CA,0,fulltime,2026-08-06
Online Data Engineer,The Home Depot,Atlanta,GA,0,fulltime,2026-08-06
Data Scientist II,Council of State Governments,New York,NY,0,fulltime,2026-08-06
Entry Level Data Scientist,AAA,Coppell,TX,0,fulltime,2026-08-06
Healthcare Statistical Data Scientist,SmartLight Analytics,Plano,TX,1,fulltime,2026-08-06
Adobe Products Data Engineer,Brunswick Corporation,Mettawa,IL,0,fulltime,2026-08-06
Data Engineer,Integrity,Dallas,TX,0,fulltime,2026-08-06
Data Engineer I,The Walt Disney Company,Santa Monica,CA,0,fulltime,2026-08-06
Data Scientist I - Fraud Reporting,Truist Bank,Charlotte,NC,0,fulltime,2026-08-06
"Machine Learning Engineer, Agentic AI Harness & Quality - Moveworks",ServiceNow,Mountain View,CA,0,fulltime,2026-08-05
Machine Learning Compiler Engineer,Apple,Sunnyvale,CA,0,fulltime,2026-08-05
Data Scientist II,UT Southwestern Medical Center,Dallas,TX,0,fulltime,2026-08-05
AI Data Engineer,Flexjet,Highland Heights,OH,0,fulltime,2026-08-06
Data Scientist - Workflow Automation,Flatiron Health,New York,NY,0,fulltime,2026-08-05
Data Scientist,AAR Corp,Wood Dale,IL,0,fulltime,2026-08-05
10101 - Data Engineer,FPHNY Recruitment Team,New York,NY,0,fulltime,2026-08-05
"Data Scientist, AI Solutions",DataVisor,Mountain View,CA,0,fulltime,2026-08-05
Data Scientist,Capgemini,Irving,TX,0,fulltime,2026-08-05
Data Engineer,Caterpillar Inc.,Peoria,IL,0,fulltime,2026-08-05
Data Engineer I,Varsity Brands,Farmers Branch,TX,0,fulltime,2026-08-05
Data Scientist,PayPal,Chicago,IL,0,fulltime,2026-08-05
"Data Scientist, Product Analytics",Meta,Menlo Park,CA,0,fulltime,2026-08-05
Data Engineer,Booz Allen Hamilton,San Diego,CA,0,fulltime,2026-08-05
Data Scientist I - Fraud Reporting,Truist,Charlotte,NC,0,fulltime,2026-08-05
Machine Learning & Computer Vision Scientist – R&D (Junior/Associate),Elanco,Indianapolis,IN,0,fulltime,2026-08-05
Data Engineer (Microsoft Fabric),RethinkFirst,Chicago,IL,1,fulltime,2026-08-05
Data Scientist,Deluxe,Atlanta,GA,0,fulltime,2026-08-05
Data Engineer - VC Backed Startups,SignalFire,San Francisco,CA,0,fulltime,2026-08-05
Data Engineer - VC Backed Startups,SignalFire,New York,NY,0,fulltime,2026-08-05
Data Engineer,Southwest Airlines,Dallas,TX,1,fulltime,2026-08-05
Machine Learning System Software Engineer,Apple,Sunnyvale,CA,0,fulltime,2026-08-04
Machine Learning Platform Engineer,PrizePicks,Atlanta,GA,1,fulltime,2026-08-04
Quantitative Trading and Research - AI Machine Learning Researcher - Associate,JPMorgan Chase & Co.,New York,NY,0,fulltime,2026-08-04
Machine Learning Compiler,Qualcomm,New York,NY,0,fulltime,2026-08-04
"Engineer I, Machine Learning Ops CBM Lab",Shirley Ryan AbilityLab,Chicago,IL,0,fulltime,2026-08-04
Data Engineer,Charles Schwab Inc.,Southlake,TX,0,fulltime,2026-08-04
Machine Learning Engineer,Layup Parts,Huntington Beach,CA,0,fulltime,2026-08-04
Junior Data Scientist,Altamira Technologies Corp.,NA,NC,0,fulltime,2026-08-04
"Data Scientist, Prime Video Science",Amazon,Culver City,CA,0,fulltime,2026-08-04
Data Scientist - Associate or Experienced Level,Xcel Energy,Amarillo,TX,0,fulltime,2026-08-04
Data Engineer / System Analyst,Gilead Sciences,Foster City,CA,0,fulltime,2026-08-04
DATA ENGINEER,Expleo,Bell,CA,0,fulltime,2026-08-04
GCP Data Engineer,The Hartford,Columbus,OH,0,fulltime,2026-08-04
Research Engineer - Perception and Machine Learning,Meta,Menlo Park,CA,0,fulltime,2026-08-04
"Machine Learning Engineer, Assistant Quality",Glean,San Francisco,CA,0,fulltime,2026-08-03
"Machine Learning Engineer, Search Quality",Glean,Mountain View,CA,0,fulltime,2026-08-03
Operations Data Scientist – Strategic Operations,Zipline,South San Francisco,CA,0,fulltime,2026-08-03
"Data Scientist - Atlanta, GA",Cortland,Atlanta,GA,0,fulltime,2026-08-03
IT Analyst,LINDER INDUSTRIAL MACHINERY CO,Raleigh,NC,0,fulltime,2026-08-07
IT Analyst,Doppel,New York,NY,0,fulltime,2026-08-07
Financial Data & Systems Analyst,City Of Roswell,Roswell,GA,0,fulltime,2026-08-07
Epic‑Certified EHR Systems Analyst I (Cadence),Adventist Health,Roseville,CA,1,fulltime,2026-08-07
Information Systems Specialist,First Source FCU,New Hartford,NY,0,fulltime,2026-08-07
IT Analyst,LINDER INDUSTRIAL MACHINERY CO,Leesburg,GA,0,fulltime,2026-08-07
Quality Systems Analyst,V2X,Columbus,OH,0,fulltime,2026-08-07
Information Systems Administrator,Aptima Inc,Dayton,OH,0,fulltime,2026-08-07
Associate Pathways Computer Systems Analyst - Secret - San Diego CA,Northrop Grumman,San Diego,CA,0,fulltime,2026-08-07
Business Systems Analyst - International,Uline,Glenview,IL,0,fulltime,2026-08-07
Workday Financials Systems Analyst II,Children's Hospital of Philadelphia,Philadelphia,PA,0,fulltime,2026-08-07
Information Systems Technician II - Security Operations,Illinois Secretary of State,Springfield,IL,0,fulltime,2026-08-07
Workday Financials Systems Analyst II,Children’s Hospital of Philadelphia,Philadelphia,PA,0,fulltime,2026-08-07
Systems Analyst I - System Administration,ONEOK,Midland,TX,0,fulltime,2026-08-07
Federal - Financial Systems Analyst,"Lodestar Consulting, Inc.",Dayton,OH,0,fulltime,2026-08-07
Application Systems Analyst,State of Indiana,Indianapolis,IN,0,fulltime,2026-08-07
Application Systems Analyst (on-site),UT Health San Antonio,San Antonio,TX,0,fulltime,2026-08-06
Payroll Systems Analyst,Rivian,Normal,IL,0,fulltime,2026-08-06
"Systems Analyst, Officer",State Street,Austin,TX,0,fulltime,2026-08-06
"Epic Systems Analyst - Sched/Reg (Grand Central, Prelude, Cadence, Welcome)",OhioHealth,NA,OH,1,fulltime,2026-08-06
Systems Analyst - Digital Imaging,OhioHealth,NA,OH,1,fulltime,2026-08-06
IT Systems Analyst,Irvine University Education IN,Irvine,CA,0,fulltime,2026-08-05
Systems Analyst II,Elwyn,Middletown Township,PA,1,fulltime,2026-08-05
Information Systems Security Officer,VTG,Los Angeles,CA,0,fulltime,2026-08-05
Financial Systems Analyst,Pillsbury Winthrop Shaw Pittman LLP,San Diego,CA,0,fulltime,2026-08-05
"Information Systems Security Officer, Mid",Booz Allen Hamilton,Wright-Patterson AFB,OH,0,fulltime,2026-08-05
Financial Systems Analyst,JPI,Dallas,TX,0,fulltime,2026-08-05
"Associate, Business Systems Analyst",McKesson,The Woodlands,TX,1,fulltime,2026-08-05
Business Systems Analyst,Blue Cross and Blue Shield of North Carolina,NA,NC,0,fulltime,2026-08-05
IT Analyst I - Desktop,Bank of Hope,Gardena,CA,0,fulltime,2026-08-04
Clinical Systems Analyst Radiation Oncology - Main Healthcare Tech Mgmt - Full Time - Days,The Christ Hospital Health Network,Cincinnati,OH,0,fulltime,2026-08-04
IT Support & Business Systems Analyst,Goliath,Richardson,TX,0,fulltime,2026-08-04
IT Analyst II - IS ANC EXPERIENCE,Kettering Health,Miamisburg,OH,1,fulltime,2026-08-04
Payroll Systems Analyst,RadNet,Los Angeles,CA,0,fulltime,2026-08-04
"IT Analyst, AI Engineer",Patrick Industries,Elkhart,IN,0,fulltime,2026-08-04
IT Analyst I,Zoom,San Jose,CA,0,fulltime,2026-08-04
IT Analyst,"Kennametal, Inc.",Unity Township,PA,0,fulltime,2026-08-04
"Systems Analyst II, Home Health",WakeMed Health & Hospitals,Raleigh,NC,0,fulltime,2026-08-03
Desktop Support Systems Analyst,IDEX Corporation,Northbrook,IL,0,fulltime,2026-08-04
Business Systems Analyst,Deutsche Windtechnik,Houston,TX,0,fulltime,2026-08-03
Student Information Systems Coordinator,Burke County Public Schools,Waynesboro,GA,0,fulltime,2026-08-03
Business Systems Analyst,PNC,Strongsville,OH,0,fulltime,2026-08-04
Junior Business Systems Analyst (47669),OPEN HOUSE GROUP,Addison,TX,0,fulltime,2026-08-03
Security and Technology Consultant,Armstrong Group,Cincinnati,OH,0,fulltime,2026-08-03
Information Systems Analyst,abra,Wheaton,IL,0,fulltime,2026-08-02
Associate Cybersecurity Analyst - Secret - San Diego CA,Northrop Grumman,San Diego,CA,0,fulltime,2026-08-07
Cybersecurity Analyst II | Secure Solutions Enablement (Remote),The Home Depot,NA,TX,1,fulltime,2026-08-07
Security Analyst - MDR,Trend Micro,Irving,TX,0,fulltime,2026-08-07
HR Support Specialist: Human Resource Information Systems,FYI For Your Information Inc,Philadelphia,PA,0,fulltime,2026-08-03
Cybersecurity Analyst,Subaru,Lafayette,IN,0,fulltime,2026-08-07
Cybersecurity Analyst,Jane Street,New York,NY,0,fulltime,2026-08-06
Vulnerability Management Security Analyst,University of Notre Dame,Notre Dame,IN,0,fulltime,2026-08-06
Information Security Specialist - Temp to Hire,River City Bank,Sacramento,CA,0,fulltime,2026-08-06
Security Analyst,"Acrisure, LLC",Atlanta,GA,0,fulltime,2026-08-06
Security Analyst,Acrisure,Atlanta,GA,0,fulltime,2026-08-06
Cybersecurity Analyst,American Tower,Cary,NC,0,fulltime,2026-08-05
Associate Cybersecurity Analyst,GM Financial,Irving,TX,0,fulltime,2026-08-05
IT Auditor,"Midland Credit Management, an Encore Capital Group Company",San Diego,CA,0,fulltime,2026-08-05
Cybersecurity Analyst | Secure Solutions Enablement,The Home Depot,NA,GA,1,fulltime,2026-08-05
Cyber Security Analyst Level II,"Tyto Athene, LLC",Robins Air Force Base,GA,0,fulltime,2026-08-05
Information Security Analyst (54518),CAPITAL AREA INTERMEDIATE UNIT,East Pennsboro Township,PA,0,fulltime,2026-08-05
IT Security Analyst (Atwater),Golden Valley Health Centers,Atwater,CA,0,fulltime,2026-08-04
Cyber Security Analyst,Winsupply,Moraine,OH,0,fulltime,2026-08-06
Application Security Analyst II - AI,Frost,San Antonio,TX,0,fulltime,2026-08-04
Infrastructure & Security Analyst II,Texas A&M University System,Texarkana,TX,0,fulltime,2026-08-04
Information Security Systems Officer (ISSO),CACI International,O'Fallon,IL,1,fulltime,2026-08-04
Security Analyst 1,Celestica International LP,Richardson,TX,0,fulltime,2026-08-04
"Associate Security Analyst, Exposure Management",Rockwell Automation,Mayfield Heights,OH,0,fulltime,2026-08-04
Information Security Analyst,Omnissa,Atlanta,GA,0,fulltime,2026-08-04
Information Security Engineer,Foxconn-PCE Technology,Houston,TX,0,fulltime,2026-08-03
Information Security Systems Officer (ISSO),CACI,O'Fallon,IL,0,fulltime,2026-08-04
Information Security Engineer,HD Supply,NA,GA,0,fulltime,2026-08-03
IS Security Analyst -Atlanta based,Shepherd Center,Atlanta,GA,0,fulltime,2026-08-03
Tier 1 Security Analyst,Syntrio Solutions LLC,Vernon,TX,0,fulltime,2026-08-04
Quality Analytics Intern,The Leading Hotels of the World,New York,NY,0,internship,2026-08-07
Information Security Analyst & Technical Partner,Dingoblu Financial Inc,Charlotte,NC,0,fulltime,2026-07-29
Marketing Analytics Intern (PT/Paid),Open Road Integrated Media,New York,NY,0,internship,2026-08-06
People Analytics Intern,US Acute Care Solutions,NA,OH,1,internship,2026-08-05
Boeing Summer 2027 Internship Program (Paid) – Data Analytics Intern,Boeing,Long Beach,CA,0,internship,2026-08-03
Information Technology (IT) Intern,United Way of San Antonio & Bexar County,San Antonio,TX,0,internship,2026-08-07
IT Intern,"Truck Centers, Inc.",Troy,IL,0,internship,2026-08-06
Fall Internship 2026 - IT Intern (AI),"HUGO BOSS Fashions, Inc.",New York,NY,0,internship,2026-08-05
IT Intern,"Peak Retirement Planning, Inc.",Columbus,OH,0,internship,2026-08-03
Management and Program Analyst,Farm Production and Conservation (FPAC) Business Center,Kansas City,MO,0,federal,2026-08-07
Management & Program Analyst,Veterans Health Administration,San Antonio,TX,0,federal,2026-08-07
Information Technology Intern,Peoria Park District,Peoria,IL,0,internship,2026-08-04
Application Security Analyst II - AI,Frost Bank,San Antonio,TX,0,fulltime,2026-08-05
SECURITY SPECIALIST,Defense Finance and Accounting Service,Indianapolis,IN,0,federal,2026-08-06
Management Analyst,Veterans Benefits Administration,Washington,DC,0,federal,2026-08-06
Financial Management Analyst,Office of the Secretary of Defense,Pentagon,VA,0,federal,2026-08-05
Spectral Imagery Scientist,National Geospatial-Intelligence Agency,Denver,CO,0,federal,2026-08-04
Applied Research Mathematician / Mathematical Statistician - Entry to Experienced Level (Maryland),National Security Agency/Central Security Service,Fort Meade,MD,0,federal,2026-08-03
Imagery Analyst (WATCH) (TERM),National Geospatial-Intelligence Agency,Colorado Springs,CO,0,federal,2026-08-03
IT Specialist (Application Software),Federal Aviation Administration,Oklahoma City,OK,0,federal,2026-08-01
INFORMATION TECHNOLOGY CYBERSECURITY SPECIALIST (INFOSEC),Naval Air Systems Command,Lakehurst,NJ,0,federal,2026-07-31
PERF & SPORT DATA ANALYST NF4,U.S. Marine Corps,Oceanside,CA,0,federal,2026-08-07
Clinical Laboratory Scientist,Veterans Health Administration,Albuquerque,NM,0,federal,2026-08-07
Data Scientist,Office of Personnel Management,Lakewood,CO,0,federal,2026-08-07
Data Scientist,Office of the Inspector General,Tucson,AZ,0,federal,2026-08-07
Clinical Laboratory Scientist,Veterans Health Administration,Salt Lake City,UT,0,federal,2026-08-06
General Engineer/Physical Scientist (Project Integration Management),National Nuclear Security Administration,Los Alamos,NM,0,federal,2026-08-06
Clinical Laboratory Scientist (Ancillary Testing Coordinator),Veterans Health Administration,Hampton,VA,0,federal,2026-08-06
Clinical Lab Scientist,Veterans Health Administration,Syracuse,NY,0,federal,2026-08-06
PHYSICAL SCIENTIST,Geological Survey,Lakewood,CO,0,federal,2026-08-06
Clinical Lab Scientist,Veterans Health Administration,Indianapolis,IN,0,federal,2026-08-06
Clinical Laboratory Scientist,Veterans Health Administration,Muskogee,OK,0,federal,2026-08-05
Clinical Laboratory Scientist - EDRP Authorized,Veterans Health Administration,Fort Worth,TX,0,federal,2026-08-04
Data Scientist,Centers for Medicare & Medicaid Services,Atlanta,GA,0,federal,2026-08-04
Clinical Laboratory Scientist (Graveyard Shift),Veterans Health Administration,San Francisco,CA,0,federal,2026-08-03
Clinical Lab Scientist,Veterans Health Administration,Louisville,KY,0,federal,2026-08-03
Clinical Laboratory Scientist,Veterans Health Administration,Lebanon,PA,0,federal,2026-07-31
Data Scientist (Computational Genomics),Smithsonian Institution,Washington,DC,0,federal,2026-07-24
BUDGET ANALYST,Air Force Special Operations Command,Cannon AFB,NM,0,federal,2026-08-07
MANAGEMENT ANALYST,Naval Sea Systems Command,Everett,WA,0,federal,2026-08-07
PROGRAM ANALYST (2 Vacancies),Army National Guard Units,Camp Dodge Military Reservation,IA,0,federal,2026-08-07
Contract Price/Cost Analyst,U.S. Army Contracting Command,Redstone Arsenal,AL,0,federal,2026-08-07
Program Analyst,"Interior, Bureau of Indian Affairs",Albuquerque,NM,0,federal,2026-08-07
MANAGEMENT ANALYST,Naval Facilities Engineering Systems Command,Kings Bay Naval Base,GA,0,federal,2026-08-07
PROGRAM ANALYST,Army National Guard Units,Camp Dodge Military Reservation,IA,0,federal,2026-08-07
Management Program Analyst,U.S. Coast Guard,Washington,DC,0,federal,2026-08-07
Management and Program Analyst (Wildland Fire),Office of the Secretary of the Interior,Hines,OR,0,federal,2026-08-07
Management and Program Analyst,Veterans Health Administration,Fresno,CA,0,federal,2026-08-07
Management & Program Analyst,Immediate Office of the Assistant Secretary for Human Resources and Administration,Salt Lake City,UT,0,federal,2026-08-07
RESOURCE MANAGEMENT ANALYST (MEPRS),Military Treatment Facilities under DHA,Landstuhl,NA,0,federal,2026-08-07
MANAGEMENT ANALYST,Bureau of Naval Personnel,Millington,TN,0,federal,2026-08-07
Management Analyst,Animal and Plant Health Inspection Service,Raleigh,NC,0,federal,2026-08-07
MANAGEMENT AND PROGRAM ANALYST (DATA ANALYST),Citizenship and Immigration Services,Camp Springs,MD,0,federal,2026-08-07
MANAGEMENT AND PROGRAM ANALYST,Naval Air Systems Command,Patuxent River,MD,0,federal,2026-08-07
FINANCIAL MANAGEMENT ANALYST,Naval Air Systems Command,Patuxent River,MD,0,federal,2026-08-07
MANAGEMENT ANALYST,Air Force Global Strike Command,Kirtland AFB,NM,0,federal,2026-08-07
Management and Program Analyst,Agricultural Marketing Service,Commerce,CA,0,federal,2026-08-07
Management and Program Analyst,Agricultural Marketing Service,South Bend,IN,0,federal,2026-08-07
Management and Program Analyst,Centers for Disease Control and Prevention,Morgantown,WV,0,federal,2026-08-07
Management and Program Analyst,Veterans Health Administration,Dayton,OH,0,federal,2026-08-07
FINANCIAL MANAGEMENT ANALYST,Defense Finance and Accounting Service,Kaiserslautern,NA,0,federal,2026-08-07
Financial Management Analyst,US Army Civilian Human Resources Agency,Fort Campbell,KY,0,federal,2026-08-07
Management and Program Analyst,Animal and Plant Health Inspection Service,Raleigh,NC,0,federal,2026-08-07
Program Analyst (Informatics),Veterans Health Administration,Jefferson Barracks,MO,0,federal,2026-08-06
MWR Management Analyst,"Commander, Navy Installations Command",Coronado,CA,0,federal,2026-08-06
Supply Systems Analyst (Title 32) (Indefinite),Army National Guard Units,Richmond,VA,0,federal,2026-08-06
Supply Systems Analyst (Title 32)  (Permanent),Army National Guard Units,Richmond,VA,0,federal,2026-08-06
"Management and Program Analyst (Legislative Strategy, Development & Implementation)",Veterans Benefits Administration,Washington,DC,0,federal,2026-08-06
FINANCIAL MANAGEMENT ANALYST,Army Tank-Automotive and Armament Command (TACOM),Warren,MI,0,federal,2026-08-07
IT SPECIALIST (NETWORK) (TITLE 32),Air National Guard Units,Jacksonville,FL,0,federal,2026-08-06
HR Analyst (HRMS),U.S. Marine Corps,Quantico,VA,0,federal,2026-08-06
Management & Prog Analyst,Veterans Health Administration,West Haven,CT,0,federal,2026-08-06
Management Analyst,U.S. Army Communications Electronics Command,Tobyhanna,PA,0,federal,2026-08-06
Management Analyst,Veterans Health Administration,San Antonio,TX,0,federal,2026-08-06
CYS Functional Technology Specialist NF-04,United States Army Installation Management Command,Rock Island,IL,0,federal,2026-08-07
Government Information Specialist,Veterans Health Administration,Johnson City,TN,0,federal,2026-08-07
IT CYBERSECURITY SPECIALIST (INFOSEC),Defense Information Systems Agency,Letterkenny Army Depot,PA,0,federal,2026-08-07
INFORMATION TECHNOLOGY SPECIALIST,United States Fleet Forces Command,Stennis Space Center,MS,0,federal,2026-08-07
IT Specialist (SYSADMIN),Defense Logistics Agency,Battle Creek,MI,0,federal,2026-08-07
IT Specialist (INFOSEC),Army Tank-Automotive and Armament Command (TACOM),Warren,MI,0,federal,2026-08-07
IT SPECIALIST (SYSADMIN/INFOSEC),Military Treatment Facilities under DHA,Naval Medical Center,CA,0,federal,2026-08-07
IT CYBERSECURITY SPECIALIST (INFOSEC),Defense Information Systems Agency,Gunter AFB,AL,0,federal,2026-08-07
Public Notice - Information Technology Specialist (Direct Hire),John Glenn Research Center at Lewis Field,Las Cruces,NM,0,federal,2026-08-07
Personnel Security Specialist,Pretrial Services Agency,Washington,DC,0,federal,2026-08-07
Full Stack Engineer,Centers for Medicare & Medicaid Services,Boston,MA,0,federal,2026-08-06
IT Specialist (CUSTSPT),U.S. Army Joint Munitions Command,McAlester,OK,0,federal,2026-08-06
IT SPECIALIST (APPSW),Naval Sea Systems Command,Crane,IN,0,federal,2026-08-06
IT Specialist (Network),Military Treatment Facilities under DHA,Fort Carson,CO,0,federal,2026-08-06
IT Specialist (Customer Service),Military Treatment Facilities under DHA,Port Hueneme,CA,0,federal,2026-08-06
IT CYBERSECURITY SPECIALIST (INFOSEC),United States Fleet Forces Command,Suffolk,VA,0,federal,2026-08-05
IT SPECIALIST (INFOSEC/CUSTSPT),Naval Education and Training Command,Meridian,MS,0,federal,2026-08-05
IT SPECIALIST (CUSTOMER SUPPORT),Army National Guard Units,Columbia,SC,0,federal,2026-08-04
Biomedical Equipment Support Specialist-Information Systems,Veterans Health Administration,Fayetteville,AR,0,federal,2026-08-04
IT Specialist (INFOSEC),Bureau of the Fiscal Service,Birmingham,AL,0,federal,2026-08-04
INFORMATION TECHNOLOGY SPECIALIST (SYSTEMS ADMINISTRATION),Air Education and Training Command,Sheppard AFB,TX,0,federal,2026-08-07
INFORMATION TECHNOLOGY SPECIALIST (SYSANALYSIS),U.S. Marine Corps,Stafford,VA,0,federal,2026-08-03
Multidisciplined Language Analyst /Language Analyst Development Program,National Security Agency/Central Security Service,Fort Gordon,GA,0,federal,2026-08-03
FCA IT Examiner,Farm Credit Administration,Sacramento,CA,0,federal,2026-08-03
INFORMATION TECHNOLOGY SPECIALIST (INFOSEC),Immediate Office of the Chief of Naval Operations,Naval Base,VA,0,federal,2026-08-03
Security Assistant,Army Tank-Automotive and Armament Command (TACOM),Watervliet,NY,0,federal,2026-08-08
Health System Specialist,Military Treatment Facilities under DHA,Bethesda,MD,0,federal,2026-08-08
Statistical Analysis Systems (SAS) Specialist,"Commerce, International Trade Administration",Washington,DC,0,federal,2026-08-07
Transportation Security Officer,Transportation Security Administration,Montgomery,AL,0,federal,2026-08-07
Transportation Security Officer,Transportation Security Administration,Texarkana,AR,0,federal,2026-08-07
"Government SAP Security Officer, 20 SPSS",United States Space Force Forces,Eglin AFB,FL,0,federal,2026-08-07
FUEL DISTRIBUTION SYSTEM WORKER,Army National Guard Units,Stead AFB,NV,0,federal,2026-08-07
ENGINEERING TECHNICIAN,U.S. Pacific Fleet,Yokosuka,NA,0,federal,2026-08-07
Security Specialist (International Port),U.S. Coast Guard,Portsmouth,VA,0,federal,2026-08-07
Security Assistant,U.S. Coast Guard,Petaluma,CA,0,federal,2026-08-07
Program Analyst,U.S. Census Bureau,Suitland,MD,0,federal,2026-08-07
Transportation Security Officer,Transportation Security Administration,Rockford,IL,0,federal,2026-08-07
Transportation Security Officer,Transportation Security Administration,Columbia,MO,0,federal,2026-08-07
IT CYBERSECURITY SPECIALIST (PLCYPLN),Immediate Office of the Chief of Naval Operations,Naval Base,VA,0,federal,2026-08-03
SECURITY SPECIALIST,Naval Sea Systems Command,Newport News,VA,0,federal,2026-08-07
Security Assistant,Transportation Security Administration,Springfield,VA,0,federal,2026-08-07
PROGRAM ANALYST,Naval Sea Systems Command,Washington Navy Yard,DC,0,federal,2026-08-07
Intelligence Specialist (Operations),U.S. Army Intelligence and Security Command,Fort Gordon,GA,0,federal,2026-08-07
Computer Scientist (Recent Graduate),U.S. Census Bureau,Suitland,MD,0,federal,2026-08-07
ACCOUNTANT (SYSTEMS),Defense Finance and Accounting Service,Whitehall,OH,0,federal,2026-08-06
ACCOUNTANT (SYSTEMS),Defense Finance and Accounting Service,Indianapolis,IN,0,federal,2026-08-04
Auditor,Forest Service,Albuquerque,NM,0,federal,2026-08-04
Transportation Security Specialist,Transportation Security Administration,Herndon,VA,0,federal,2026-08-07
Data Reporting and Analytics Consultant II,Kaiser Permanente,Atlanta,GA,0,fulltime,2026-08-14
Data Analyst,Publicis Groupe Holdings B.V,West Chicago,IL,0,fulltime,2026-08-15
Distribution Data Analyst - Bilingual,UniUni,Vernon,CA,0,fulltime,2026-08-14
Business Analyst,Triunity Software,Addison,TX,0,fulltime,2026-08-14
Data Analyst,Burjline Builders,San Francisco,CA,1,fulltime,2026-08-14
"Data Analyst, HMIS",All Chicago Making Homelessness History,Chicago,IL,0,fulltime,2026-08-14
Revenue Cycle Data Analyst,Springfield Clinic,Springfield,IL,0,fulltime,2026-08-14
Supply Chain & Operations Business Analyst,Zumiez,Corona,CA,0,fulltime,2026-08-14
"Business Intelligence Analyst - Harrisburg, PA",AAA Central Penn,Harrisburg,PA,0,fulltime,2026-08-14
"Business Analyst, IT Finance & Operations",Meriton,Irving,TX,0,fulltime,2026-08-14
Legal Assistant / Data Analyst Supporting the US Attorney's Office,FSA,New York,NY,0,fulltime,2026-08-14
Legal Assistant / Data Analyst Supporting the US Attorney's Office,FSA Federal,New York,NY,0,fulltime,2026-08-14
"Data Analyst, Security Analytics",Wayve,Sunnyvale,CA,0,fulltime,2026-08-14
Data Analyst 2,"iTradeNetwork, Inc.",Charlotte,NC,0,fulltime,2026-08-14
"Business Analyst, Revenue Growth Management",Reyes Coca-Cola Bottling,Niles,IL,0,fulltime,2026-08-14
"Business Analyst, Revenue Growth Management",Reyes Coca-Cola Bottling,Irvine,CA,0,fulltime,2026-08-14
Data Analyst,Qureos Inc,San Francisco,CA,1,fulltime,2026-08-14
"Remote Healthcare Operations Business Analyst - Transformation Office - Dallas, Tx",The US Oncology Network,Dallas,TX,1,fulltime,2026-08-14
Business Data Analyst,"Astrana Health, Inc.",Monterey Park,CA,1,fulltime,2026-08-14
Business Intelligence Analyst,St. Elizabeth Healthcare,Crestview Hills,KY,0,fulltime,2026-08-14
Business Analyst,Marsh McLennan,Austin,TX,0,fulltime,2026-08-14
Requirement Business Analyst,OhioHealth,Columbus,OH,0,fulltime,2026-08-14
Business Analyst,Electric Power Engineers,Austin,TX,1,fulltime,2026-08-14
Junior Data Analyst,Weill Cornell Medical College,New York,NY,0,fulltime,2026-08-14
BCT Partners – Head Start Data Analyst,"BCT Partners, LLC",Chicago,IL,0,fulltime,2026-08-14
Junior Data Analyst,Morgan Stanley,Dallas,TX,0,fulltime,2026-08-14
Provider Outreach Business Analyst II,Elevance Health,Louisville,KY,0,fulltime,2026-08-14
"Analyst, Business Intelligence",T-Mobile,Bellevue,NY,0,fulltime,2026-08-14
Analytics Consultant,Health Care Service Corporation,Chicago,IL,0,fulltime,2026-08-14
Junior Data Analyst,JSC Bank of Georgia,Tbilisi,NA,0,fulltime,2026-08-14
Business Analyst II- Capitation,Elevance Health,Indianapolis,IN,0,fulltime,2026-08-14
Data Analyst - Revenue Management,Public Storage,Glendale,CA,0,fulltime,2026-08-13
"Data Analyst, Data Transformation",The Citco Group Limited,Charlotte,NC,0,fulltime,2026-08-13
Manufacturing Data Analyst - ARG Lamination Assembly Dept,Fuyao Glass America Inc,Moraine,OH,0,fulltime,2026-08-13
Business Analyst - Salesforce,Tanium,Durham,NC,0,fulltime,2026-08-13
Business Analyst II,BLDG SVC 32 B-J,New York,NY,0,fulltime,2026-08-13
Business Analyst I,Esri,Redlands,CA,0,fulltime,2026-08-13
Master Data Analyst,Vallourec - North America,NA,TX,0,fulltime,2026-08-13
Administrative Specialist (Data Analyst),One Federal Solution,Louisville,KY,0,fulltime,2026-08-13
"Business Intelligence Analyst in Accounting, Budget and Analytics",UTHealth (University of Texas Health Science Center at Houston),Houston,TX,0,fulltime,2026-08-13
Business Data Analyst,BNI Talent Acquisition Team,Pittsburgh,PA,0,fulltime,2026-08-13
Public Health Business Analyst,Booz Allen Hamilton,Atlanta,GA,0,fulltime,2026-08-13
Business Intelligence Intern,Sacramento Kings,Sacramento,CA,0,internship,2026-08-13
"Business Intelligence Analyst in Accounting, Budget and Analytics",UTHealth Houston,Houston,TX,0,fulltime,2026-08-13
Business Data Analyst,Dotdash Meredith,New York,NY,0,fulltime,2026-08-13
Healthcare Business Intelligence Developer,COPE Health Solutions,Los Angeles,CA,0,fulltime,2026-08-13
Pediatrics Data Analyst,BMC Software,City of Schenectady,NY,0,fulltime,2026-08-13
Sales Operations Data Analyst,GEICO,Getzville,NY,0,fulltime,2026-08-13
Agile Business Analyst I,FIS Global,Columbus,GA,0,fulltime,2026-08-13
Associate Business Analyst,Aramark,Philadelphia,PA,0,fulltime,2026-08-13
Korean Bilingual Business Analyst AO7177220,BTI Solutions,Plano,TX,0,fulltime,2026-08-13
"Business Intelligence Engineer, Amazon Logistics, WW AMZL Business Intelligence and Analytics - ORBIT",Amazon,Austin,TX,0,fulltime,2026-08-13
"Data Analyst, Enterprise Data Governance Team",Intel Corporation,Santa Clara,CA,0,fulltime,2026-08-13
Salesforce Solution Consultant (Business Analyst),Guidehouse,San Antonio,TX,1,fulltime,2026-08-13
Business Analyst - Pharmacy,Duke Careers,Durham,NC,0,fulltime,2026-08-13
Business Intelligence Analyst,Novolex,Lake Forest,IL,0,fulltime,2026-08-13
Data Analyst – Operational Products Pricing,JSC Bank of Georgia,Tbilisi,NA,0,fulltime,2026-08-13
Salesforce Business Analyst - MS,AllCloud,NA,NY,1,fulltime,2026-08-12
Reverse Logistics Data Analyst,Prime Communications Wireless Services,Sugar Land,TX,0,fulltime,2026-08-12
Business Intelligence Developer II,GBLI | Global Indemnity,Lower Merion Township,PA,0,fulltime,2026-08-12
Business Analyst,Triman Industries Inc,Yonkers,NY,0,fulltime,2026-08-12
"Associate, Insurance Analytics & Business Intelligence",New York Life,New York,NY,0,fulltime,2026-08-12
"Data Reporting and Analytics Consultant II, Submarket Growth Strategy",Kaiser Permanente,Oakland,CA,0,fulltime,2026-08-12
Business Analyst / Product Owner,Anza Mortgage Insurance Corporation,Wilmington,NC,0,fulltime,2026-08-12
Associate Data Analyst - 1147,Security Mutual Life Insurance,Binghamton University,NY,0,fulltime,2026-08-12
Business Intelligence Analyst II,WakeMed Health & Hospitals,Raleigh,NC,0,fulltime,2026-08-12
Provider Network Data Analyst I,TRILLIUM HEALTH RESOURCES,NA,NC,1,fulltime,2026-08-12
Executive Operations Business Analyst,Uline,Glenview,IL,0,fulltime,2026-08-12
Business Analyst IT Supply Chain,Academy Sports + Outdoors,Katy,TX,0,fulltime,2026-08-12
Business Intelligence Engineer,Leader Bank,Arlington,TX,0,fulltime,2026-08-12
Marketing Data Analyst,U.S. Bank National Association,Sandy Springs,GA,0,fulltime,2026-08-12
Technical Business Analyst (Auto Finance),Lobel Financial,Anaheim,CA,0,fulltime,2026-08-12
Marketing Data Analyst,U.S. Bank,Atlanta,GA,0,fulltime,2026-08-12
Business Analyst - Construction,Career finder,Chicago,IL,0,fulltime,2026-08-12
Business Analyst II,Elevance Health,Atlanta,GA,0,fulltime,2026-08-12
"Representative, PFM Business Intelligence",Inmar Intelligence,Winston-Salem,NC,0,fulltime,2026-08-12
Salesforce Business Analyst,Capgemini,Atlanta,GA,0,fulltime,2026-08-12
Business Analyst - Region,Anheuser-Busch,Lisle,IL,0,fulltime,2026-08-12
IPV- Risk Analytics Consultant,Wells Fargo,Charlotte,NC,0,fulltime,2026-08-12
"Associate Business Analyst - Shelton, CT",Hubbell Incorporated,Muhlenberg Township,PA,0,fulltime,2026-08-12
Business Analyst Intern - Summer 2027,Capital One,Chicago,IL,0,internship,2026-08-12
Claims Business Analyst,Encova Insurance,Columbus,OH,0,fulltime,2026-08-12
"IT Business Analyst I, (local/hybrid/on-site)",Select Medical,Mechanicsburg,PA,0,fulltime,2026-08-12
Business Analyst (Customer Service),Salmon Group,Tbilisi,NA,1,fulltime,2026-08-12
Business Intelligence Analyst (Remote),MRIoA,Mountain View,CA,1,fulltime,2026-08-11
Business Analyst - Customer Policy & Solutions - Akron FirstEnergy Headquarters,FirstEnergy,Akron,OH,0,fulltime,2026-08-11
Business Analyst,Mini Mall Storage Properties,Plano,TX,0,fulltime,2026-08-11
Business Analyst II- D&T,D.R. Horton,Arlington,TX,0,fulltime,2026-08-11
Data Analyst 2,"Computer Task Group, Inc",Town of Corning,NY,0,fulltime,2026-08-11
Data Analyst,Curant Health,Smyrna,GA,0,fulltime,2026-08-11
Experienced Data Analyst (AI & BI),"Medpace, Inc.",Cincinnati,OH,0,fulltime,2026-08-11
Data Analyst,Foxconn Industrial Internet - FII,Houston,TX,0,fulltime,2026-08-11
Supply Chain Data Analyst Internship 2027,Motorola Solutions,Chicago,IL,0,internship,2026-08-11
Data Analyst,QTS Data Centers,Irving,TX,0,fulltime,2026-08-11
Salesforce/nCino Business Analyst,KeyBank,Brooklyn,OH,0,fulltime,2026-08-11
HRIS Data Analyst,City of Charlotte,Charlotte,NC,0,fulltime,2026-08-11
Business Analyst (Risk Technology),Salmon Group,Tbilisi,NA,1,fulltime,2026-08-11
Supply Chain Data Analyst,"Voyager Technologies, Inc.",San Diego,CA,0,fulltime,2026-08-10
Regulatory Data Analyst,Paces,New York,NY,0,fulltime,2026-08-10
Clinical Data Analyst,Temple University,Philadelphia,PA,0,fulltime,2026-08-10
Data Analyst,SAIC,NA,GA,0,fulltime,2026-08-10
Business Analyst II,D.R. Horton,Austin,TX,0,fulltime,2026-08-10
"Data Analyst, Healthcare (Outpatient Operations)",Lumexa Imaging,Charlotte,NC,0,fulltime,2026-08-10
IT Business Analyst,Cummins,Columbus,IN,0,fulltime,2026-08-10
Information Technology - IT Business Analyst,"SMC Corporation of America - US       SMC Pneumatics, Inc - CAN",Noblesville,IN,0,fulltime,2026-08-10
Business Analyst I,LONE STAR NATIONAL BANK,McAllen,TX,0,fulltime,2026-08-10
SAP (CPLM) Master Data Analyst,TEKsystems,Edgmont Township,PA,1,fulltime,2026-08-10
Business Analyst - Specialty Sales & Solutions,Option Care Health,Bannockburn,IL,0,fulltime,2026-08-10
Provider Data Analyst and Auditor,COMMUNITY HEALTH GROUP,Chula Vista,CA,0,fulltime,2026-08-10
MSAT Scientist - Data Analyst,Lonza,Vacaville,CA,0,fulltime,2026-08-10
Business Analyst – Strategy & Analytics,Village Care,New York,NY,0,fulltime,2026-08-10
Business Analyst,Qualified Health PBC,Palo Alto,CA,0,fulltime,2026-08-10
Data Analyst II,Renishaw,Alpharetta,GA,0,fulltime,2026-08-10
Jr. Research & Analytics Consultant,First & First Consulting,New York,NY,0,fulltime,2026-08-10
AI & Business Intelligence Intern,TonyMoly USA,New York,NY,0,internship,2026-08-10
Grants Payments Data Analyst,Worldwide Clinical Trials,Durham,NC,1,fulltime,2026-08-10
Advanced Business Analyst,Wintrust Financial Corporation,Rosemont,IL,1,fulltime,2026-08-10
Data Analyst - Supply Chain,Allen Control Systems,Pflugerville,TX,0,fulltime,2026-08-10
Data Analyst,Benda Infotech,Chicago,IL,0,fulltime,2026-08-10
Business Intelligence Developer,DRISCOLL HEALTH PLAN,Corpus Christi,TX,0,fulltime,2026-08-10
Business Analyst,Cushman & Wakefield,New York,NY,0,fulltime,2026-08-10
Business Analyst,Foundation Software,Strongsville,OH,0,fulltime,2026-08-10
TMS/FMS Business Analyst,COFREIGHT INC,Buena Park,CA,0,fulltime,2026-08-07
Business Intelligence & Data Analyst,FITCH IRICK MANAGEMENT LLC,Charlotte,NC,0,fulltime,2026-08-07
Research Data Analyst 1 RP,The Regents of the University of California on behalf of their Los Angeles Campus,Los Angeles,CA,0,fulltime,2026-08-06
Business Analyst - SAP Employee Central Payroll,Crown Equipment Corporation,NA,OH,0,fulltime,2026-08-05
Single & Multifamily Estimator and Data Analyst,FISCHER HOMES,Erlanger,KY,0,fulltime,2026-08-06
Business Analyst - Dallas - Cyber Security - CyberArk/Privileged Access Management,Capco,Dallas,TX,0,fulltime,2026-08-04
"Business Intelligence Engineer II, OpsTech IT, OTS Anchor Team",Amazon,Austin,TX,0,fulltime,2026-07-31
Data Analyst / Applied Mathematician,Arcfield,Tredyffrin Township,PA,0,fulltime,2026-07-29
Business Analyst- Campus,INISGHT2PROFIT,Beachwood,OH,0,fulltime,2026-07-21
Data Analyst,Buxton,Fort Worth,TX,0,fulltime,2026-07-17
Business Intelligence Developer II,HHC,Indianapolis,IN,0,fulltime,2026-07-17
Data Scientist,Inspire,Atlanta,GA,0,fulltime,2026-08-15
Data Analyst,International SOS,NA,TX,0,fulltime,2026-07-17
Machine Learning Engineer,Crowe Advisory LLC,Dallas,TX,0,fulltime,2026-08-15
Machine Learning Software Engineer 1,Crowe Advisory LLC,Dallas,TX,0,fulltime,2026-08-15
Machine Learning Intern,Crowe Advisory LLC,Dallas,TX,0,internship,2026-08-15
Data Engineer,Royal Electric,Dallas,TX,0,fulltime,2026-08-14
Data Scientist - Lewis Katz School of Medicine,Temple University,Philadelphia,PA,0,fulltime,2026-08-14
Data Scientist Analyst - Consumer and Investment banking,JPMorgan Chase & Co.,New York,NY,0,fulltime,2026-08-14
"Applied Data Solutions Program, Machine Learning (Full-Time Opportunities)",Apple,Cupertino,CA,0,fulltime,2026-08-14
"Data Engineer (AWS, Azure, GCP)",CapTech Consulting,Atlanta,GA,0,fulltime,2026-08-14
"Data Engineer (AWS, Azure, GCP)",CapTech Consulting,Philadelphia,PA,0,fulltime,2026-08-14
"Data Engineer (AWS, Azure, GCP)",CapTech Consulting,Columbus,OH,0,fulltime,2026-08-14
"Data Engineer (AWS, Azure, GCP)",CapTech Consulting,Charlotte,NC,0,fulltime,2026-08-14
Machine Learning Engineer,Crowe,Sacramento,CA,0,fulltime,2026-08-14
IL0219 – Data Scientist.,RR Donnelley,Warrenville,IL,1,fulltime,2026-08-14
Data Scientist – Analytics,AppLovin,Palo Alto,CA,0,fulltime,2026-08-14
Data Engineer,CVS Health,NA,IN,1,fulltime,2026-08-14
Data Engineer,"Mashburn, LLC",Atlanta,GA,0,fulltime,2026-08-14
Microsoft Fabric Data Engineer,Landmark Properties,Atlanta,GA,0,fulltime,2026-08-14
Global AML Operations - Data Engineer,Bank of America,Charlotte,NC,0,fulltime,2026-08-14
"Data Scientist, Bioengineering",Merge Labs,San Francisco,CA,0,fulltime,2026-08-14
Data Engineer II - Digital and Technology Partners - Hybrid/Remote,Mount Sinai Health System,New York,NY,0,fulltime,2026-08-13
Data Engineer,The Cincinnati Reds,Cincinnati,OH,0,fulltime,2026-08-13
Associate Data Scientist (Hybrid),NYCM Insurance,Town of Edmeston,NY,0,fulltime,2026-08-13
"Data Engineer, Revenue and Energy Supply",Gridmatic Inc,Cupertino,CA,0,fulltime,2026-08-13
Machine Learning Engineer - Strategic Data Solutions,Apple,Austin,TX,0,fulltime,2026-08-13
Data Engineer (.NET / Kafka / ETL),abra,Wheaton,IL,0,fulltime,2026-08-13
Data Engineer,New York Post,New York,NY,0,fulltime,2026-08-13
Healthcare Navigation Data Scientist -Virtual,Alight,NA,IL,1,fulltime,2026-08-13
Data Engineer,TEKsystems,Coppell,TX,0,fulltime,2026-08-13
"Data Scientist, DePuy Synthes",Johnson & Johnson Innovative Medicine,Warsaw,IN,0,fulltime,2026-08-13
IoT Data Engineer,PROPWR,Midland,TX,0,fulltime,2026-08-13
"Data Scientist, Creative X - Science",Amazon,New York,NY,0,fulltime,2026-08-13
Data Engineer,Adelphi Group,New York,NY,0,fulltime,2026-08-13
Reliability & Data Engineer II,RTX,Plano,TX,0,fulltime,2026-08-13
"Machine Learning Engineer, Sponsored Products Off-Search Sourcing and Relevance",Amazon,New York,NY,0,fulltime,2026-08-13
"SDE, MLA hardware/software co-design, Annapurna Labs Machine Learning Acceleration",Amazon,Austin,TX,0,fulltime,2026-08-13
Data Scientist,NXP Semiconductors,Austin,TX,0,fulltime,2026-08-13
Machine Learning Research Engineer - Central Technology,Activision,Los Angeles,CA,0,fulltime,2026-08-13
Associate Data Scientist - Spring 2027 Master's level graduates,Gartner,Irving,TX,0,fulltime,2026-08-13
Machine Learning Research Engineer - Central Technology,Activision Blizzard,Los Angeles,CA,0,fulltime,2026-08-13
Software Data Engineer,Apple,Cupertino,CA,0,fulltime,2026-08-12
Associate Data Scientist,Quantifind,Palo Alto,CA,0,fulltime,2026-08-12
"Research Data Scientist, Magic Eye",Google,Mountain View,CA,0,fulltime,2026-08-12
Data Engineer II (Data Operations & Infrastructure),ICW Group,San Diego,CA,0,fulltime,2026-08-12
Data Engineer 1,"Beusa Energy, LLC",The Woodlands,TX,0,fulltime,2026-08-12
"Data Scientist New College Grad - Masters Degree (Santa Clara, CA)",Applied Materials,Santa Clara,CA,0,fulltime,2026-08-12
Data Scientist,Booz Allen Hamilton,Dayton,OH,0,fulltime,2026-08-12
Microsoft Fabric Data Engineer,2020 Companies,Atlanta,GA,0,fulltime,2026-08-12
Machine Learning Research Engineer - Central Technology,"Activision Blizzard, Inc.",Los Angeles,CA,0,fulltime,2026-08-12
Public Health Data Engineer,Guidehouse,Atlanta,GA,0,fulltime,2026-08-12
Public Health Data Scientist,"DRT Strategies, Inc.",Atlanta,GA,0,fulltime,2026-08-12
"Data Engineer, Deal Tooling and Insights, Strategic Customer Engagements",Amazon,New York,NY,0,fulltime,2026-08-12
Data Engineer,Nearwater Capital,New York,NY,0,fulltime,2026-08-11
"Data Engineer, PDS&T CMC",AbbVie,North Chicago,IL,0,fulltime,2026-08-11
Data Scientist I,Oscar Health,New York,NY,0,fulltime,2026-08-11
"Machine Learning Programmer, Memory",Epic Games,Cary,NC,0,fulltime,2026-08-11
"Machine Learning Engineer, Memory",Epic Games,Cary,NC,0,fulltime,2026-08-11
Data Scientist II - Children's Learning Institute,UTHealth (University of Texas Health Science Center at Houston),Houston,TX,0,fulltime,2026-08-11
Supply Chain Analytics - Data Scientist,"International Motors, LLC",Lisle,IL,0,fulltime,2026-08-11
Junior Data Engineer,Sequoia Connect,Atlanta,GA,1,fulltime,2026-08-11
Junior Data Engineer,Sequoia Connect,Mountain View,CA,1,fulltime,2026-08-11
Machine Learning Engineer II,S&P Global,New York,NY,0,fulltime,2026-08-11
Data Engineer (Databricks),Capgemini,New York,NY,0,fulltime,2026-08-11
"Machine Learning Engineer, AI Safety",NVIDIA,Santa Clara,CA,0,fulltime,2026-08-11
Machine Learning Engineer II,Kensho,New York,NY,0,fulltime,2026-08-11
JBATA- Data Engineer,Axos Bank,San Diego,CA,0,fulltime,2026-08-11
Data Scientist - People Analytics,The Home Depot,Atlanta,GA,1,fulltime,2026-08-11
Data Engineer,Foxconn Industrial Internet - FII,Houston,TX,0,fulltime,2026-08-11
Business Systems Analyst (Partial Remote) - Supply Chain Business Operations & Systems,University of Texas Medical Branch (UTMB),Webster,TX,0,fulltime,2026-08-14
Business Systems Analyst,"Advanced Micro Devices, Inc",Austin,TX,1,fulltime,2026-08-14
April 2027 - Leap Systems Analyst,Fidelity Investments,Durham,NC,0,fulltime,2026-08-14
January 2027 - Leap Systems Analyst,Fidelity Investments,Durham,NC,0,fulltime,2026-08-14
Business Systems Analyst II - SAP Plant Maintenance,CF Industries,Northbrook,IL,0,fulltime,2026-08-14
Applications Systems Analyst II - EHRA,State of North Carolina,NA,NC,0,fulltime,2026-08-14
Information Systems Secuity Owner (ISSO),SIERTEK LTD,Robins Air Force Base,GA,0,fulltime,2026-08-14
Surgical Services Systems Analyst,Northside Hospital Inc.,Atlanta,GA,0,fulltime,2026-08-14
GTM Systems Analyst,Peregrine Technologies,New York,NY,0,fulltime,2026-08-13
Epic Certified Systems Analyst II (OpTime and Anesthesia),Adventist Health,Roseville,CA,0,fulltime,2026-08-13
Epic Certified Systems Analyst II (Orders),Adventist Health,Roseville,CA,0,fulltime,2026-08-13
"Systems Analyst, Boone Power",Wabash Valley Power Alliance,Lebanon,IN,0,fulltime,2026-08-13
GTM Systems Analyst,Peregrine Technologies,San Francisco,CA,0,fulltime,2026-08-13
Systems Analyst I,TransCore,Houston,TX,0,fulltime,2026-08-13
Business Technology Consultant [Palm Desert],AIS,Palm Desert,CA,0,fulltime,2026-08-13
Computer Systems Analyst - Secret,Northrop Grumman,Palmdale,CA,0,fulltime,2026-08-13
Business Technology Consultant [San Diego],AIS,San Diego,CA,0,fulltime,2026-08-13
Marketing Systems Analyst,Marathon Petroleum Corporation,Findlay,OH,0,fulltime,2026-08-13
Business Technology Consultant [Pasadena],AIS,Pasadena,CA,0,fulltime,2026-08-13
Distribution Systems Analyst,Airgas,Independence,OH,0,fulltime,2026-08-13
Support Technician with Emphasis on Customer Information Systems (CIS),"Milsoft Utility Solutions, Inc.",Abilene,TX,1,fulltime,2026-08-13
Systems Analyst,Anza Mortgage Insurance Corporation,Wilmington,NC,0,fulltime,2026-08-12
Information Systems Administrator,Aptima Inc,Dayton,OH,0,fulltime,2026-08-12
Systems Analyst,Marriott,Dallas,TX,0,fulltime,2026-08-12
Finance Business Systems Analyst,UFCU,Austin,TX,0,fulltime,2026-08-12
Business Systems Analyst,Ultimus Fund Solutions,Cincinnati,OH,1,fulltime,2026-08-12
Epic‑Certified EHR Systems Analyst II (ClinDoc),Adventist Health,Roseville,CA,0,fulltime,2026-08-12
Epic Certified EHR Systems Analyst II (Willow Ambulatory),Adventist Health,Roseville,CA,0,fulltime,2026-08-12
Information Systems Security Officer (ISSO) II,General Dynamics Information Technology,Warner Robins,GA,0,fulltime,2026-08-12
Logistics Business Systems Analyst,Roche,Indianapolis,IN,0,fulltime,2026-08-12
Information Systems Technician II - Security Operations,Illinois Secretary of State,Springfield,IL,0,fulltime,2026-08-12
Financial Systems Analyst,Allied Universal,Irvine,CA,0,fulltime,2026-08-12
Systems Analyst,Wabash Valley Power Alliance,Lebanon,IN,0,fulltime,2026-08-11
Associate Financial Systems Analyst,SOCOTEC,Dallas,TX,0,fulltime,2026-08-11
Financial Systems Analyst,Parker Poe,Charlotte,NC,0,fulltime,2026-08-11
Business Systems Analyst,DPR Construction,Atlanta,GA,0,fulltime,2026-08-11
Data Systems Analyst - International Center,Cal Poly,San Luis Obispo,CA,0,fulltime,2026-08-10
IT Analyst,Volta,Palo Alto,CA,0,fulltime,2026-08-04
Financial Systems Analyst,Publicis Groupe Holdings B.V,New York,NY,0,fulltime,2026-07-30
Systems Analyst (MES),Leggett & Platt,Beulaville,NC,0,fulltime,2026-08-01
Information Systems Auditor,natgridProd,New York,NY,0,fulltime,2026-07-20
Cybersecurity Analyst II,Imperative Care,Campbell,CA,0,fulltime,2026-08-14
Cyber Security Analyst,CACI,High Point,NC,0,fulltime,2026-08-14
Information Security Analyst,Mercyhealth Wisconsin and Illinois,Freeport,IL,0,fulltime,2026-08-14
Cybersecurity Analyst,GadellNet,Indianapolis,IN,0,fulltime,2026-08-14
Cyber Security Analyst,CACI International,High Point,NC,1,fulltime,2026-08-14
"Cybersecurity Analyst, Mid",Booz Allen Hamilton,Rome,NY,0,fulltime,2026-08-14
IT Auditor,TIAA,Chicago,IL,0,fulltime,2026-08-13
Security Analyst I,Texas A&M University System,College Station,TX,0,fulltime,2026-08-13
Cyber Security Analyst (Technical Solutions Delivery),News Corp,Austin,TX,0,fulltime,2026-08-13
Cyber Security Analyst,First Quality,NA,TX,1,fulltime,2026-08-13
Power Platform Cybersecurity Analyst - (Remote Philadelphia metro),"Ishpi Information Technologies, Inc",Philadelphia,PA,1,fulltime,2026-08-12
Cybersecurity Analyst,UnitedHealth Group,Raleigh,NC,1,fulltime,2026-08-12
Junior IT Security Analyst,"SAM, LLC",Austin,TX,0,fulltime,2026-08-12
Cybersecurity Analyst II,EnerSys Delaware Inc.,Muhlenberg Township,PA,0,fulltime,2026-08-12
Security Analyst,Pure IT CUSO,Tomball,TX,0,fulltime,2026-08-12
Cybersecurity Analyst,American Tower Africa,Cary,NC,0,fulltime,2026-08-11
It Auditor,Aston Carter,Ontario,CA,0,fulltime,2026-08-11
Privacy Security Analyst,Owensboro Health,Owensboro,KY,0,fulltime,2026-08-11
"Analyst, Information Security (Disaster Recovery)","Lowe's Companies, Inc.",Charlotte,NC,0,fulltime,2026-08-11
Linux System and Security Analyst,Motorola Solutions,Culver City,CA,0,fulltime,2026-08-11
Information Security Intern- Spring 2027,"Medpace, Inc.",Cincinnati,OH,0,internship,2026-08-10
Information Security Analyst (Risk and Incident Response),Butler University,Indianapolis,IN,0,fulltime,2026-08-10
"Cybersecurity Analyst - Data Protection, Privacy & Risk",Delta Faucet,Indianapolis,IN,0,fulltime,2026-08-11
"Cybersecurity Analyst - Data Protection, Privacy & Risk",Masco Corporation,Indianapolis,IN,0,fulltime,2026-08-11
Classified Cybersecurity Analyst - Top Secret,Northrop Grumman,Edwards AFB,CA,0,fulltime,2026-08-10
SECURITY ANALYST,Glynn County Government,Brunswick,GA,0,fulltime,2026-08-10
SECURITY ANALYST (2691),Glynn County Government,Brunswick,GA,0,fulltime,2026-08-10
Industrial Security Analyst,Northrop Grumman,Redondo Beach,CA,0,fulltime,2026-08-10
Cyber Security Analyst,betlive.com,Tbilisi,NA,0,fulltime,2026-08-10
Planning Analytics Intern (Summer 2027),Vertiv,Westerville,OH,0,internship,2026-08-14
Sales Data Analytics Intern (Summer 2027),Vertiv,Westerville,OH,0,internship,2026-08-13
Video & Hockey Analytics Intern,"Spire Holdings, LLC. and affiliated companies",Athens,GA,0,internship,2026-08-11
Information Technology Intern - Unpaid - Part Time - Days,Dayforce,Olean,NY,0,internship,2026-08-11
Cybersecurity Intern,Crowe,Indianapolis,IN,0,internship,2026-08-14
Cybersecurity Intern,CLS Health PLLC,Webster,TX,0,internship,2026-08-11
Program Analyst,Veterans Health Administration,Oklahoma City,OK,0,federal,2026-08-14
IT Intern,WHEDco,New York,NY,0,internship,2026-08-10
"Fall 2026 Information Technology Intern - Austin, TX",Aalo Atomics,Austin,TX,0,internship,2026-08-10
Data Analyst,Federal Acquisition Service,Monterey Park,CA,0,federal,2026-08-14
DATA ANALYTICS SPECIALIST,Army National Guard Units,Fort Dix,NJ,0,federal,2026-08-13
Program Analyst,Veterans Health Administration,Las Vegas,NV,0,federal,2026-08-13
Financial Management Analyst,Animal and Plant Health Inspection Service,Minneapolis,MN,0,federal,2026-08-13
Program Analyst,Defense Logistics Agency,Battle Creek,MI,0,federal,2026-08-12
FINANCIAL MANAGEMENT ANALYST,"Commander, Navy Installations Command",Pearl Harbor,HI,0,federal,2026-08-12
Health System Specialist - System Redesign Coordinator,Veterans Health Administration,Des Moines,IA,0,federal,2026-08-12
General Engineer (Open to both U.S. Citizens and Federal Employees),Office of the Secretary of Transportation,Washington,DC,0,federal,2026-08-11
Program Analyst,Agricultural Marketing Service,Memphis,TN,0,federal,2026-08-11
FINANCIAL TECHNICIAN (MEDICAL EXPENSE AND PERFORMANCE REPORTING SYSTEM),Military Treatment Facilities under DHA,Agana,NA,0,federal,2026-08-11
Chemist (Preservation Scientist),Library of Congress,Washington,DC,0,federal,2026-08-11
Program Analyst,Veterans Health Administration,Louisville,KY,0,federal,2026-08-10
Program Analyst (Informatics) TCF Trainee,Veterans Health Administration,Murfreesboro,TN,0,federal,2026-08-10
Visual Information Specialist,"U.S. Air Forces, Europe",Mildenhall,NA,0,federal,2026-08-04
GENERAL ENGINEER,"Commander, Navy Installations Command",Guantanamo Bay,NA,0,federal,2026-08-13
SCIENTIST,Naval Sea Systems Command,Indian Head,MD,0,federal,2026-08-13
Clinical Laboratroy Scientist,Veterans Health Administration,Oklahoma City,OK,0,federal,2026-08-11
Clinical Laboratory Scientist-Generalist,Veterans Health Administration,New York,NY,0,federal,2026-08-11
Clinical Laboratory Scientist,Veterans Health Administration,Oklahoma City,OK,0,federal,2026-08-11
Laboratory Research Scientist,National Institutes of Health,Montgomery County,MD,0,federal,2026-08-11
Clinical Laboratory Scientist - Generalist,Veterans Health Administration,Oklahoma City,OK,0,federal,2026-08-10
Clinical Laboratory Scientist,Veterans Health Administration,Syracuse,NY,0,federal,2026-08-10
Computer Scientist (Informatics),Centers for Disease Control and Prevention,Bruceton,PA,0,federal,2026-08-04
Management and Program Analyst,Bureau of Land Management,Washington,DC,0,federal,2026-08-14
Management and Program Analyst,Defense Health Agency,Aurora,CO,0,federal,2026-08-15
Program Analyst,Veterans Health Administration,Ann Arbor,MI,0,federal,2026-08-14
MANAGEMENT ANALYST,U.S. Pacific Fleet,Naval Station Complex,CA,0,federal,2026-08-14
Management and Program Analyst,Defense Contract Management Agency,Huntsville,AL,0,federal,2026-08-14
FINANCIAL MANAGEMENT ANALYST,Defense Finance and Accounting Service,Indianapolis,IN,0,federal,2026-08-14
Management and Program Analyst,Defense Logistics Agency,Battle Creek,MI,0,federal,2026-08-14
Program Analyst (Informatics),Veterans Health Administration,Big Spring,TX,0,federal,2026-08-14
Management and Program Analyst,Office of Personnel Management,Washington,DC,0,federal,2026-08-14
Management and Program Analyst,Citizenship and Immigration Services,Tampa,FL,0,federal,2026-08-14
MANAGEMENT AND PROGRAM ANALYST,Citizenship and Immigration Services,New York,NY,0,federal,2026-08-14
Program Management Analyst (Financial),Office of Administration,Washington,DC,0,federal,2026-08-14
PROGRAM ANALYST  MANAGEMENT & PROGRAM ANALYST,United States Fleet Forces Command,Kittery,ME,0,federal,2026-08-14
County Program Analyst,Farm Service Agency,Lena,WI,0,federal,2026-08-14
Financial Management Analyst,Joint Activities,Stuttgart,NA,0,federal,2026-08-14
Management Analyst,Occupational Safety and Health Administration,Philadelphia,PA,0,federal,2026-08-14
Management Analyst,Military Treatment Facilities under DHA,Fort Sill,OK,0,federal,2026-08-14
FINANCIAL MANAGEMENT ANALYST,Naval Supply Systems Command,Naval Support Activity,PA,0,federal,2026-08-14
MANAGEMENT ANALYST,Defense Information Systems Agency,Fort Meade,MD,0,federal,2026-08-14
MANAGEMENT ANALYST,Department of the Air Force Headquarters,Pope AFB,NC,0,federal,2026-08-14
FINANCIAL MANAGEMENT ANALYST,Naval Air Systems Command,San Diego,CA,0,federal,2026-08-14
Management and Program Analyst,Federal Aviation Administration,Tutuila Island,NA,0,federal,2026-08-14
Management Analyst (Direct Hire),Ames Research Center,Moffett Field,CA,0,federal,2026-08-14
Management and Program Analyst,Internal Revenue Service,New Haven,CT,0,federal,2026-08-14
Management and Program Analyst,Internal Revenue Service,Fresno,CA,0,federal,2026-08-14
FINANCIAL MANAGEMENT ANALYST TITLE 32 PERMANENT,Air National Guard Units,Newington,NH,0,federal,2026-08-14
Management and Program Analyst (Technical Support Management Specialist),Federal Aviation Administration,Vint Hill Farms Military Installation,VA,0,federal,2026-08-14
Program Analyst,General Services Administration Headquarters,San Francisco,CA,0,federal,2026-08-14
FOREIGN MILITARY SALES MANAGEMENT & PROGRAM ANALYST,Secretary of the Navy Offices (SECNAV),Washington Navy Yard,DC,0,federal,2026-08-14
Budget Analyst,Veterans Health Administration,Louisville,KY,0,federal,2026-08-13
Management Analyst,Defense Logistics Agency,New Cumberland Defense Logistics Center,PA,0,federal,2026-08-13
Business Analyst,Defense Logistics Agency,Battle Creek,MI,0,federal,2026-08-13
Management Analyst,Veterans Benefits Administration,Saint Petersburg,FL,0,federal,2026-08-13
Program Analyst,U.S. Coast Guard,Washington,DC,0,federal,2026-08-13
TITLE 32 FINANCIAL MANAGEMENT ANALYST (MI 127th CPTS),Air National Guard Units,Selfridge ANG Base,MI,0,federal,2026-08-13
Financial Management Analyst,Military Treatment Facilities under DHA,Naval Medical Center,CA,0,federal,2026-08-13
Field Unit Local Authority (FUL) - Management and Program Analyst,National Park Service,Saint John Island,NA,0,federal,2026-08-13
Management and Program Analyst (Field),Internal Revenue Service,Anchorage,AK,0,federal,2026-08-13
BUDGET ANALYST,"U.S. Air Forces, Europe",Spangdahlem,NA,0,federal,2026-08-13
IT SPEC (PLCYPLN),Air National Guard Units,Flowood,MS,0,federal,2026-08-13
IT SPECIALIST (INFOSEC/SYSADMIN),Defense Health Agency,San Antonio,TX,0,federal,2026-08-15
IT Specialist (INFOSEC),Military Treatment Facilities under DHA,Bethesda,MD,0,federal,2026-08-15
IT SPEC (NETWORK),Air National Guard Units,Fairchild AFB,WA,0,federal,2026-08-14
IT Specialist (SYSANALYSIS),Centers for Medicare & Medicaid Services,Salt Lake City,UT,0,federal,2026-08-14
IT Specialist (SYSADMIN),Deputy Assistant Secretary for Information and Technology,Salt Lake City,UT,0,federal,2026-08-14
IT Specialist (SYSTEMS ADMINISTRATION),Army Tank-Automotive and Armament Command (TACOM),Anniston Army Depot,AL,0,federal,2026-08-14
IT SPECIALIST (INFOSEC/SYSADMIN),Military Treatment Facilities under DHA,Hill AFB,UT,0,federal,2026-08-14
Information Technology Specialist (Security),Joint Activities,Fort Meade,MD,0,federal,2026-08-14
IT CYBERSECURITY SPECIALIST (INFOSEC),Defense Information Systems Agency,Scott AFB,IL,0,federal,2026-08-14
Client Server Software Engineer - DHA,Social Security Administration,Woodlawn,MD,0,federal,2026-08-14
Personnel Security Specialist,Federal Trade Commission,Washington,DC,0,federal,2026-08-14
IT CYBERSECURITY SPECIALIST (INFOSEC) (T32 Merit),Army National Guard Units,Saint Paul,MN,0,federal,2026-08-13
Program Analyst,Department of State Headquarters,Washington,DC,0,federal,2026-08-13
IT Specialist (Customer Support),Military Treatment Facilities under DHA,Aberdeen Proving Ground,MD,0,federal,2026-08-13
Information Systems Management Specialist,ARMY TRANSPORTATION,Scott AFB,IL,0,federal,2026-08-13
IT SPECIALIST (CUSTSPT),U.S. Army Corps of Engineers,Okinawa Island,NA,0,federal,2026-08-13
Computer Scientist- DIRECT HIRE AUTHORITY,"Air Force Elements, U.S. Strategic Command",Dahlgren,VA,0,federal,2026-08-13
Personnel Security Specialist,Cybersecurity and Infrastructure Security Agency,Arlington,VA,0,federal,2026-08-13
IT Cybersecurity Specialist,Office of the Assistant Secretary for Administration and Management,Salt Lake City,UT,0,federal,2026-08-13
Financial Systems Analyst (Information Systems Security Officer),Bureau of the Fiscal Service,Washington,DC,0,federal,2026-08-13
Transmission Electrical Engineer,Bonneville Power Administration,Vancouver,WA,0,federal,2026-08-13
IT CYBERSECURITY SPECIALIST (INFOSEC),Naval Air Systems Command,Lakehurst,NJ,0,federal,2026-08-12
Operations Research Analyst,Cybersecurity and Infrastructure Security Agency,Salt Lake City,UT,0,federal,2026-08-12
IT Specialist (Security),U.S. Army Joint Munitions Command,Pine Bluff Arsenal,AR,0,federal,2026-08-12
IT Specialist,Internal Revenue Service,Fresno,CA,0,federal,2026-08-12
IT SPECIALIST (INFOSEC),Naval Facilities Engineering Systems Command,Port Hueneme,CA,0,federal,2026-08-11
It Specialist,Deputy Assistant Secretary for Information and Technology,Fayetteville,AR,0,federal,2026-08-11
Digital Network Exploitation Analyst - Mid to Experienced Level (Maryland),National Security Agency/Central Security Service,Fort Meade,MD,0,federal,2026-08-10
IT Specialist (INFOSEC),Defense Media Activity,Fort Meade,MD,0,federal,2026-08-10
Security Specialist,Defense Health Agency,Kaiserslautern,NA,0,federal,2026-08-15
General Engineer,United States Army Installation Management Command,Zutendaal,NA,0,federal,2026-08-15
Security Assistant,Veterans Health Administration,Milwaukee,WI,0,federal,2026-08-14
Trade and Industry Analyst,Bureau of Industry and Security,Washington,DC,0,federal,2026-08-14
Interdisciplinary General Engineer/Physical Scientist (Power Up Program Internship),Department of Energy Headquarters,Oak Ridge,TN,0,internship,2026-08-14
Transportation Security Officer,Transportation Security Administration,Bentonville,AR,0,federal,2026-08-14
Audit & Information Access Specialist,"Treasury, Financial Crimes Enforcement Network",Vienna,VA,0,federal,2026-08-14
Security Specialist,"Treasury, Financial Crimes Enforcement Network",Vienna,VA,0,federal,2026-08-14
Transportation Security Officer,Transportation Security Administration,Warwick,RI,0,federal,2026-08-14
Personnel Security Specialist,U.S. Army Corps of Engineers,Portland,OR,0,federal,2026-08-14
Security Specialist,Executive Office for U.S. Attorneys and the Office of the U.S. Attorneys,Tampa,FL,0,federal,2026-08-14
Transportation Security Officer,Transportation Security Administration,Augusta,ME,0,federal,2026-08-14
SECURITY OFFICER (TITLE 32),Air National Guard Units,Charlotte,NC,0,federal,2026-08-14
Intelligence Research Specialist,U.S. Capitol Police,Washington,DC,0,federal,2026-08-14
Intelligence Research Specialist,Customs and Border Protection,Pembroke Pines,FL,0,federal,2026-08-14
Statistician (Medicine),Veterans Health Administration,Perry Point,MD,0,federal,2026-08-14
AUDITOR,Defense Finance and Accounting Service,Indianapolis,IN,0,federal,2026-08-11
Data Analyst,Tekmerion Capital,New York,NY,0,fulltime,2026-08-21
Business Analyst,Red Bull,Santa Monica,CA,0,fulltime,2026-08-21
Business Intelligence Engineer,Courier Health,New York,NY,0,fulltime,2026-08-21
"Data Analyst, Customer Success",VAST Data,NA,NC,0,fulltime,2026-08-21
Sales Data Analyst,Computershare,Frisco,TX,0,fulltime,2026-08-21
"Data Analyst, Junior",Chenega Services & Federal Solutions,Town of Gates,NY,1,fulltime,2026-08-21
Data Analyst,SCEYE INC,San Francisco,CA,0,fulltime,2026-08-21
Data Analyst,NYU Langone Health,New York,NY,0,fulltime,2026-08-21
Business Analyst,NYU Langone Health,New York,NY,0,fulltime,2026-08-21
Data Analyst (FGP) - Radiology *On-Site in Manhattan*,NYU Langone Health,New York,NY,0,fulltime,2026-08-21
Data Analyst Logistics - Pharmacy - Full Time,NYU Langone Health,Patchogue,NY,0,fulltime,2026-08-21
Annuity Business Systems - Business Analyst I,American National Insurance,League City,TX,0,fulltime,2026-08-21
Data Analyst - Tableau developer,Quest Global,Sunnyvale,CA,0,fulltime,2026-08-21
Data Analyst - Business Insights,MetTel,New York,NY,0,fulltime,2026-08-21
Business Analyst (Starlink Growth Demand Planning),SpaceX,Hawthorne,CA,0,fulltime,2026-08-21
Data Analyst - MIH Grant,ECU Health Medical Center,Greenville,NC,0,fulltime,2026-08-21
Data Analyst Claims,AAA,Costa Mesa,CA,0,fulltime,2026-08-21
Channel Data Analyst,Volvo Group,Greensboro,NC,0,fulltime,2026-08-21
ServiceNow Business Analyst,RaceTrac,Atlanta,GA,0,fulltime,2026-08-21
Business Analyst - Default Systems & Support,Newrez LLC,Coppell,TX,0,fulltime,2026-08-21
Business Intelligence Analyst (L2) Pilot Operations/Pre-Commercial,Dexcom,San Diego,CA,0,fulltime,2026-08-21
Data Analyst,CVS Health,New York,NY,0,fulltime,2026-08-21
Business Analyst II - Payment Integrity Datamining,Elevance Health,Indianapolis,IN,0,fulltime,2026-08-21
Data Analyst,Touro University New York,New York,NY,0,fulltime,2026-08-21
Business Analyst,BioBridge Global,San Antonio,TX,0,fulltime,2026-08-21
Business Analyst II - Claims Coding Triage,Centene Corporation,NA,TX,1,fulltime,2026-08-21
Data Analyst II,Cintas,Mason,OH,0,fulltime,2026-08-21
Business Analyst- - Financial Reporting and Analytics (Hybrid),Whatever You Need Consulting (WYN Consultants),Toledo,OH,0,fulltime,2026-08-21
Data Analyst Intern,Morgan Street Holdings,Chicago,IL,0,internship,2026-08-21
"Power Platform Business Analyst, Mid",Booz Allen Hamilton,San Diego,CA,0,fulltime,2026-08-21
Business Analyst,The Home Depot,Houston,TX,0,fulltime,2026-08-21
IT Business Analyst Intern,"George J. Igel & Co., Inc.",Columbus,OH,0,internship,2026-08-21
Business Analytics Consultant,PNC,Pittsburgh,PA,0,fulltime,2026-08-21
Business Intelligence Consultant II,Kaiser Permanente,Oakland,CA,0,fulltime,2026-08-21
Finance Business Analyst,AXIS (AXIS Capital),New York,NY,0,fulltime,2026-08-21
2027 Undergrad Data Analyst Intern/co-op,"Advanced Micro Devices, Inc",San Jose,CA,0,internship,2026-08-20
2027 Masters Data Analyst Intern/co-op,"Advanced Micro Devices, Inc",San Jose,CA,0,internship,2026-08-20
2027 Undergrad Data Analyst Intern/co-op,"Advanced Micro Devices, Inc",Fishkill,NY,0,internship,2026-08-20
2027 Masters Data Analyst Intern/co-op,"Advanced Micro Devices, Inc",Fishkill,NY,0,internship,2026-08-20
Media Data Analyst,Attention Arc,Irvington,NY,0,fulltime,2026-08-20
"Data Analyst, Finance",VAST Data,New York,NY,0,fulltime,2026-08-20
Business Analyst,"Astrana Health, Inc.",Houston,TX,0,fulltime,2026-08-20
Utilization Management Data Analyst,TRILLIUM HEALTH RESOURCES,NA,NC,1,fulltime,2026-08-20
Operations Data Analyst,Computershare,Frisco,TX,0,fulltime,2026-08-20
Compliance Reporting Data Analyst II,GM Financial,Fort Worth,TX,0,fulltime,2026-08-20
Business Analyst,U.S. Legal Support,Houston,TX,0,fulltime,2026-08-20
Business Analyst,AAA Central Penn,Harrisburg,PA,0,fulltime,2026-08-20
Business Analyst,Amphenol and its Affiliated Companies,Allen,TX,0,fulltime,2026-08-20
Business Intelligence Analyst,"React Health Holdings, LLC",Dublin,OH,0,fulltime,2026-08-20
Business Analyst,Community Behavioral Health.,Philadelphia,PA,0,fulltime,2026-08-20
"Business Analyst, EDI and Customer Service Operations",Edwards Lifesciences,Irvine,CA,0,fulltime,2026-08-20
Business Analyst - Data Project - 6 months On-Site Downtown Houston,EPMA,Houston,TX,0,fulltime,2026-08-20
Business Intelligence Analyst,Trane Italia,Noblesville,IN,0,fulltime,2026-08-20
Business Analyst,Benda Infotech,Chicago,IL,0,fulltime,2026-08-20
"Data Analyst, Information Systems",DrinkPAK,Santa Clarita,CA,0,fulltime,2026-08-20
Electronic Data Interchange Business Analyst II,L.A. Care Health Plan,Los Angeles,CA,0,fulltime,2026-08-20
Portfolio Data Analyst,Motorola Solutions,Los Angeles,CA,0,fulltime,2026-08-20
Technical Business Analyst Coordinator,A.P. Moller - Maersk,Charlotte,NC,0,fulltime,2026-08-20
Business Analyst,TC Energy,Houston,TX,0,fulltime,2026-08-20
Quantitative Investment Data Analyst,Alan Biller,Menlo Park,CA,0,fulltime,2026-08-20
Procurement Data Analyst,Advanced Drainage Systems,Hilliard,OH,0,fulltime,2026-08-20
Bone Marrow Transplant Data Analyst (1.0 D),"Franciscan Alliance, Inc.",Indianapolis,IN,0,fulltime,2026-08-20
Analytics Consultant,Health Care Service Corporation,Chicago,IL,0,fulltime,2026-08-20
Specialty Pharmacy Data Analyst,Loopback Analytics,Dallas,TX,1,fulltime,2026-08-20
Business Intelligence Analyst,trane technologies,Noblesville,IN,0,fulltime,2026-08-20
"Technical Business Analyst, Product",Public Consulting Group,NA,NC,1,fulltime,2026-08-20
Business Analyst,State of Indiana,Indianapolis,IN,0,fulltime,2026-08-20
Contract Student Worker - Data Analyst,Zoox,Foster City,CA,0,internship,2026-08-20
Business Analyst,Nucor,Fort Wayne,IN,0,fulltime,2026-08-20
"Business Analyst, New York",Fitch Group,New York,NY,0,fulltime,2026-08-20
HR Compensation and Data Analyst,Moove NA Distribution LLC,Upper Merion Township,PA,0,fulltime,2026-08-19
"Business Analyst, Chicago",Fitch Group,Chicago,IL,0,fulltime,2026-08-20
Construction Data Analyst,Ironsite AI,San Francisco,CA,0,fulltime,2026-08-19
Business Analyst - Production and IS - Temporary,PMA Companies,Whitpain Township,PA,0,fulltime,2026-08-19
Data Analyst,Talkspace,New York,NY,1,fulltime,2026-08-19
Functional Business Analyst,Jayco Inc,Middlebury,IN,0,fulltime,2026-08-19
Healthcare Data Analyst,Mcleod Centers for Wellbeing,Charlotte,NC,0,fulltime,2026-08-19
Data Analyst,Nextier Bank,Butler Township,PA,0,fulltime,2026-08-19
Data Analyst,MMDSmart Ltd,NA,GA,1,fulltime,2026-08-19
Epic Clinical Business Intelligence Analyst - Intermediate (On-Site),UT Health San Antonio,San Antonio,TX,0,fulltime,2026-08-19
QC & Data Analyst,Flourish Research,San Antonio,TX,0,fulltime,2026-08-19
Data Analyst,Uline,Glenview,IL,0,fulltime,2026-08-19
IT Business Analyst,"Colonial Group, Inc.",Savannah,GA,0,fulltime,2026-08-19
Manufacturing Data Analyst - ARG Accessory B,Fuyao Glass America Inc,Moraine,OH,0,fulltime,2026-08-19
Financial Data Analyst,Foothill Credit Union,Arcadia,CA,0,fulltime,2026-08-19
Business Analyst,TEKsystems,Charlotte,NC,0,fulltime,2026-08-19
Business Intelligence Developer (Fabric),IIIIIIUS,Chicago,IL,1,fulltime,2026-08-19
Business Analyst,Global Payments Inc.,Rochester,NY,0,fulltime,2026-08-19
Business Analyst - Default Systems & Support (On-site),Newrez LLC,Houston,TX,0,fulltime,2026-08-19
Business Intelligence & Analytics Analyst,University of Chicago,Chicago,IL,0,fulltime,2026-08-19
Business Analyst - Data Focused,EPMA,Houston,TX,0,fulltime,2026-08-19
Data Analyst,CI Financial,Austin,TX,0,fulltime,2026-08-19
Fraud Data Analyst,RELX,New York,NY,1,fulltime,2026-08-19
Production Control Data Analyst,Subaru,Lafayette,IN,0,fulltime,2026-08-19
Fraud Data Analyst,Renishaw,New York,NY,1,fulltime,2026-08-19
Business Intelligence Analyst,Caliber Collision,Lewisville,TX,0,fulltime,2026-08-19
CXOne Business Analyst,Capgemini,Cincinnati,OH,0,fulltime,2026-08-19
HR Business Analyst,Southern Company,Atlanta,GA,0,fulltime,2026-08-18
Facilities Data Analyst,Southwest Airlines,Dallas,TX,0,fulltime,2026-08-19
Local On-Site Business Analyst,UniFirst,Owensboro,KY,0,fulltime,2026-08-18
Data Analyst I,Modern Woodmen of America,Rock Island,IL,0,fulltime,2026-08-18
Optimization Data Analyst,Adyen,San Francisco,CA,0,fulltime,2026-08-18
IT Business Analyst - Hybrid,Community Health Network,Indianapolis,IN,0,fulltime,2026-08-18
Data Analyst Intern,Ericsson,Plano,TX,0,internship,2026-08-18
TTG Business Data Analyst Intern,TransTech Energy,Cleveland,OH,0,internship,2026-08-18
Data Analyst,CapTech Consulting,Columbus,OH,0,fulltime,2026-08-18
Data Analyst,CapTech Consulting,Philadelphia,PA,0,fulltime,2026-08-18
Data Analyst,CapTech Consulting,Charlotte,NC,0,fulltime,2026-08-18
Business Intelligence Developer (Fabric),ICF,Atlanta,GA,1,fulltime,2026-08-19
Data Analyst,CapTech Consulting,Atlanta,GA,0,fulltime,2026-08-18
Rotational Business Analyst,Veterinary Emergency Group (VEG),White Plains,NY,0,fulltime,2026-08-18
AI Business Analyst,Verition Group LLC,New York,NY,0,fulltime,2026-08-18
Business Analyst,Mastery Logistics Systems,Lake Forest,IL,1,fulltime,2026-08-18
Data Analyst Supporting the US Attorney's Office,FSA Federal,New York,NY,0,fulltime,2026-08-18
IT Pricing and Rebates Business Analyst,Eaton Corporation,Asheville,NC,0,fulltime,2026-08-18
Data Analyst Supporting the US Attorney's Office,FSA,New York,NY,0,fulltime,2026-08-18
Business Analyst II,Worley,Houston,TX,0,fulltime,2026-08-18
Business Analyst,Info Image,Coppell,TX,0,fulltime,2026-08-18
Public Health Business Analyst,Booz Allen Hamilton,Atlanta,GA,0,fulltime,2026-08-18
Business Analyst - Third Party Liability (TPL),Gainwell Technologies LLC,NA,OH,1,fulltime,2026-08-18
Data Analyst: People Legal Team,Cisco,NA,NC,0,fulltime,2026-08-18
Early Career Business Analyst,Gainwell Technologies LLC,NA,OH,1,fulltime,2026-08-18
Strategic Data Analyst Intern,UNION HOME MORTGAGE,Strongsville,OH,0,internship,2026-08-18
Business Analyst - Process Management and Integration,Career finder,Berwyn,IL,0,fulltime,2026-08-18
Applied AI Data Analyst,Confido,New York,NY,0,fulltime,2026-08-18
Healthcare Data Analyst,Option Care Health,Bannockburn,IL,0,fulltime,2026-08-18
Data Analyst I,Verdantas,San Ramon,CA,0,fulltime,2026-08-18
Strategic Data Analyst Intern,UNION HOME MORTGAGE CORP,Strongsville,OH,0,internship,2026-08-18
Business Intelligence Consultant,Texas Mutual Insurance Company,Austin,TX,0,fulltime,2026-08-18
"Business Analyst (Information Systems Analyst II, Option A)",State of Illinois,Springfield,IL,0,fulltime,2026-08-18
Business Analyst,ALOHA Collection Inc.,Carlsbad,CA,0,fulltime,2026-08-17
Supply Chain Business Analyst,Apple,NA,TX,0,fulltime,2026-08-17
Remarketing Systems Business Analyst,Penske,Reading,PA,0,fulltime,2026-08-17
Store Operations Data Analyst,O'Reilly Auto Parts,Headquarters,KY,0,fulltime,2026-08-17
Forward Deployed Engineer - AI & Data Analyst (VIE - New York),Numberly,New York,NY,0,fulltime,2026-08-17
Business Analyst,Guidehouse,Austin,TX,0,fulltime,2026-08-17
Business Analyst,"3Core Systems , Inc",Austin,TX,0,fulltime,2026-08-17
HRIS Business Analyst (Payroll and Time) - Level 2,Cintas,Mason,OH,0,fulltime,2026-08-17
Quantitative Credit Data Analyst,KeyBank,Cleveland,OH,0,fulltime,2026-08-17
BUSINESS ANALYST II,Marvin Group,Inglewood,CA,0,fulltime,2026-08-17
Reporting Business Analyst - Procurement,Heidelberg Materials,Irving,TX,0,fulltime,2026-08-17
Salesforce Solution Consultant - Business Analyst,Guidehouse,San Antonio,TX,1,fulltime,2026-08-17
Business Analytics Consultant - Risk Operations & Quantitative Strategy,PNC,Raleigh,NC,0,fulltime,2026-08-17
Junior Business Analyst,Jobs for Humanity,Charlotte,NC,0,fulltime,2026-08-16
GTG Intern - Business Intelligence,Grainger Businesses,Chicago,IL,0,internship,2026-08-16
"Data Analyst - Full Time, Year Round",Mohonk Mountain House,New Paltz,NY,0,fulltime,2026-08-14
GTG Intern - Business Intelligence 1,Grainger Businesses,Chicago,IL,0,internship,2026-08-16
Technical Operations Business Analyst – Commissioning,Apollo Mission Critical Engineering,Atlanta,GA,0,fulltime,2026-08-16
Business Intelligence & Strategy Analyst - Marine,"Yamaha Motor Corporation, USA",Kennesaw,GA,0,fulltime,2026-08-14
Business Analyst,Centra Credit Union,NA,IN,0,fulltime,2026-08-13
Business Intelligence Analyst - Financial Services,Nclusion,Palo Alto,CA,0,fulltime,2026-08-11
NetSuite Item Master & Product Data Analyst,Apres Nail,City of Industry,CA,0,fulltime,2026-08-07
Business Analyst - OpenLink - Houston,Capco,Houston,TX,0,fulltime,2026-08-11
Salesforce Business Analyst Internship,Clarity Partners LLC,Chicago,IL,0,internship,2026-08-05
"IS Business Analyst (Digital Workforce Solutions) | Fort Worth, TX","TTI, Inc.",Fort Worth,TX,0,fulltime,2026-08-06
Data Analyst,Shield  California Health,Santa Clarita,CA,0,fulltime,2026-08-04
"Business Intelligence Engineer II, SCOT-FO, TVP",Amazon,Austin,TX,0,fulltime,2026-07-28
Analyst Business Intelligence Automation,The Hershey Company,Lower Swatara Township,PA,1,fulltime,2026-07-24
"Data Scientist, Business Ventures",UNITED STATES SOCCER FEDERATION 1,Atlanta,GA,0,fulltime,2026-08-22
"Data Engineer, Knowledge Graph",Point72,New York,NY,0,fulltime,2026-08-21
"Machine Learning (ML) Data Scientist - ISE Analytics and User Studies, Input Experience",Apple,Cupertino,CA,0,fulltime,2026-08-21
Post-doctoral Position in Machine Learning for Subsurface Multiscale Structure and Characterization including Permeability at the University of Pittsburgh,University of Pittsburgh,Pittsburgh,PA,0,fulltime,2026-08-21
Quality Data Scientist,AbbVie,North Chicago,IL,0,fulltime,2026-08-21
"Research Data Scientist, Ads Insights and Measurement",Google,Mountain View,CA,0,fulltime,2026-08-21
Financial Business Analyst,"Heath Consultants, Inc.",Houston,TX,0,fulltime,2026-08-11
"Data Scientist, Quality",AbbVie,North Chicago,IL,0,fulltime,2026-08-21
Data Engineer,Hightower,Chicago,IL,0,fulltime,2026-08-21
"Research Data Scientist, YouTube Search and Viewer AI",Google,San Bruno,CA,0,fulltime,2026-08-21
Data Scientist,Jerry.ai,New York,NY,1,fulltime,2026-08-21
"Machine Learning Engineer I, Network",Handshake,San Francisco,CA,0,fulltime,2026-08-21
Data Scientist,Applied Materials,Santa Clara,CA,0,fulltime,2026-08-21
Associate Data Scientist,Jerry.ai,New York,NY,1,fulltime,2026-08-21
GNSS Data Scientist Associate,University of Texas at Austin,Austin,TX,0,fulltime,2026-08-21
Data Scientist,Roche,Indianapolis,IN,0,fulltime,2026-08-21
Data Scientist 2,AAA,Costa Mesa,CA,0,fulltime,2026-08-21
Data Scientist II,Elsevier,Philadelphia,PA,0,fulltime,2026-08-21
"Machine Learning Engineer II, CNN Digital Products and Services",Warner Bros. Discovery,Atlanta,GA,0,fulltime,2026-08-21
Data Scientist- Manufacturing/Automation,Amgen,New Albany,OH,0,fulltime,2026-08-21
Data Scientist,Humana,Louisville,KY,0,fulltime,2026-08-21
Machine Learning Engineer (Autonomy),Mariana Minerals,San Francisco,CA,0,fulltime,2026-08-21
Data Engineer,Booz Allen Hamilton,San Diego,CA,0,fulltime,2026-08-21
Data Engineer,Collegis Education,Oak Brook,IL,0,fulltime,2026-08-20
"Associate, Data Engineer",BlackRock,Atlanta,GA,0,fulltime,2026-08-21
2027 Undergrad Machine Learning (ML)/ Artificial Intelligence (AI) intern/co-op,"Advanced Micro Devices, Inc",San Jose,CA,0,internship,2026-08-20
2027 Masters Machine Learning (ML)/ Artificial Intelligence (AI) intern/co-op,"Advanced Micro Devices, Inc",Fishkill,NY,0,internship,2026-08-20
Data Engineer,cargill,NA,GA,0,fulltime,2026-08-21
2027 Undergrad Machine Learning (ML)/ Artificial Intelligence (AI) intern/co-op,"Advanced Micro Devices, Inc",Fishkill,NY,0,internship,2026-08-20
"Data Engineer, Google Maps",Google,Mountain View,CA,0,fulltime,2026-08-20
Data Engineer,Waymo,Mountain View,CA,0,fulltime,2026-08-20
Associate Data Scientist | Home Client Services,Red Ventures,Charlotte,NC,0,fulltime,2026-08-20
"Data Scientist, Media Consultant",Known,New York,NY,1,fulltime,2026-08-20
Machine Learning Engineer (Egocentric 3D Human Pose),Glint Tech Solutions LLC,Santa Clara,CA,0,fulltime,2026-08-20
"Data Scientist, Consultant (Utilities)",Guidehouse,Atlanta,GA,0,fulltime,2026-08-20
Data Engineer,Kyndryl,Frisco,TX,0,fulltime,2026-08-20
Data Engineer,Charles Schwab Inc.,Austin,TX,0,fulltime,2026-08-20
2027 Masters Machine Learning (ML)/ Artificial Intelligence (AI) intern/co-op,"Advanced Micro Devices, Inc",San Jose,CA,0,internship,2026-08-20
Big Data Engineer,Highmark Health,NA,PA,1,fulltime,2026-08-20
Machine Learning Engineer,Firecrawl,San Francisco,CA,0,fulltime,2026-08-20
Bioinformatics Data Scientist (Part-time/Temporary),Artiva Biotherapeutics,San Diego,CA,0,fulltime,2026-08-20
Data Engineer,Brighton,City of Industry,CA,0,fulltime,2026-08-20
"CD&A Data Scientist, Obesity - Associate",Amgen,Thousand Oaks,CA,0,fulltime,2026-08-20
Markets Investigative Data Scientist,Nasdaq,Philadelphia,PA,0,fulltime,2026-08-20
Data Scientist I,Bank of America,New York,NY,0,fulltime,2026-08-20
Data Scientist I - Management Trainee,Mulligan Funding,San Diego,CA,0,fulltime,2026-08-20
Data Scientist I - Full Stack Management Trainee,Mulligan Funding,San Diego,CA,0,fulltime,2026-08-20
Contract Student Worker - Data Scientist,Zoox,Foster City,CA,0,internship,2026-08-20
AI Research Assistant — Machine Learning & AI,StudyFetch,Beverly Hills,CA,0,internship,2026-08-19
"Product Data Scientist, Employee Experience & Productivity, IS&T",Apple,Sunnyvale,CA,0,fulltime,2026-08-19
Associate Data Scientist,UL Solutions,Northbrook,IL,0,fulltime,2026-08-19
Associate Data Scientist,Gartner,Irving,TX,0,fulltime,2026-08-20
Machine Learning Engineer - Automated Chromatography Analysis (EFT),Eurofins,Houston,TX,0,fulltime,2026-08-19
"Data Scientist, Product Analytics","Aircall.io, Inc.",San Francisco,CA,0,fulltime,2026-08-19
Data Scientist,SAIC,NA,NC,0,fulltime,2026-08-19
Data Scientist,LLNL,Livermore,CA,0,fulltime,2026-08-19
Data Engineer - Data Platform,Mill,San Bruno,CA,0,fulltime,2026-08-19
Machine Learning Engineer II,Allvue Systems,New York,NY,0,fulltime,2026-08-19
Data Engineer,Wingstop,Dallas,TX,0,fulltime,2026-08-19
Data Scientist,Cherokee Federal,Atlanta,GA,0,fulltime,2026-08-19
Data Scientist - Innovation & Digital Factory,FirstEnergy,Akron,OH,0,fulltime,2026-08-19
Data Engineer - Ag & Trading,cargill,NA,GA,0,fulltime,2026-08-19
"Machine Learning Engineer, Generative ML, Level 4",Snap Inc.,Los Angeles,CA,0,fulltime,2026-08-19
Marketing Data Scientist,OpenArt AI,San Carlos,CA,0,fulltime,2026-08-19
"Data Scientist, Junior",Booz Allen Hamilton,San Antonio,TX,0,fulltime,2026-08-19
Data Engineer,Empeople Credit Union,Moline,IL,1,fulltime,2026-08-19
Junior Data Scientist,Great American Insurance Group,NA,OH,1,fulltime,2026-08-19
Data Engineer II (Hybrid),American Medical Association,Chicago,IL,0,fulltime,2026-08-19
"Data Engineer, Customer Telemetry & AI Solutions",CyrusOne,Dallas,TX,0,fulltime,2026-08-19
Data Scientist,"Intercontinental Exchange Holdings, Inc.",Atlanta,GA,0,fulltime,2026-08-19
"Research Data Scientist - Urology, Hung Lab",Cedars-Sinai,West Hollywood,CA,0,fulltime,2026-08-18
Machine Learning Engineer Co-Op,"Etegent Technologies, LTD",Beavercreek,OH,0,internship,2026-08-18
"Data Scientist, Pricing (Optimization & Deep Learning)",The Home Depot,NA,GA,1,fulltime,2026-08-19
Data Engineer,Eaton Corporation,Carol Stream,IL,0,fulltime,2026-08-18
"Data Engineer- onsite in Pittsburgh, PA",A.C. Coy,West Homestead,PA,0,fulltime,2026-08-18
"Business Data Scientist, Google Analytics",Google,Mountain View,CA,0,fulltime,2026-08-18
Azure Data Engineer,Prodapt,Richardson,TX,0,fulltime,2026-08-18
"Data Scientist, Mid",Booz Allen Hamilton,San Diego,CA,0,fulltime,2026-08-18
Associate Data Scientist - Decision Analytics,The Home Depot,Atlanta,GA,0,fulltime,2026-08-18
Data Scientist II (US) FCRM Modeling,TD,Charlotte,NC,1,fulltime,2026-08-18
Data Engineer,Great American Insurance Group,Cincinnati,OH,0,fulltime,2026-08-18
Data Engineer (Intermediate),Texas Mutual Insurance Company,Austin,TX,0,fulltime,2026-08-18
Data Scientist,Asurion,Smyrna,GA,0,fulltime,2026-08-18
Student Assistant – Machine Learning for ASIC Design,Brookhaven National Laboratory,Ridge,NY,0,internship,2026-08-18
Data Scientist,Sciemo,New York,NY,0,fulltime,2026-08-18
Machine Learning Engineer,Stripe,South San Francisco,CA,0,fulltime,2026-08-17
Data Scientist,IPT Global,Houston,TX,0,fulltime,2026-08-17
"Machine Learning Engineer, Autonomy",Blue River Technology,Santa Clara,CA,1,fulltime,2026-08-17
Machine Learning Engineer - Associate,"Voyager Technologies, Inc.",El Segundo,CA,0,fulltime,2026-08-17
Machine Learning Engineer,RZR Global Inc.,San Francisco,CA,0,fulltime,2026-08-17
Vitis Technologies Systems Analyst - Field Technician,Prosource,Blue Ash,OH,0,fulltime,2026-08-22
Data Scientist,CHAOS Industries,San Francisco,CA,0,fulltime,2026-08-17
DATA SCIENTIST II,VSolvit,Norco,CA,0,fulltime,2026-08-17
Finance Systems Analyst,Carle Health,Champaign,IL,1,fulltime,2026-08-21
Technology Consultant,The Regents of the University of California on behalf of their Los Angeles Campus,Los Angeles,CA,0,fulltime,2026-08-21
Revenue Cycle Systems Analyst (EPIC HB),NYU Langone Health,New York,NY,0,fulltime,2026-08-21
IT Analyst II,Honeywell,Charlotte,NC,0,fulltime,2026-08-21
Energy Systems Analyst Graduate Intern - Fall 2026,LLNL,Livermore,CA,0,internship,2026-08-21
Business Improvement Systems Analyst and Executive Support,COMPLETE FENCE,Batavia,IL,0,fulltime,2026-08-21
DAPR Systems Analyst,TX-HHSC-DSHS-DFPS,Austin,TX,0,fulltime,2026-08-21
EHR Systems Analyst,Pacific Neuropsychiatric Specialists Inc,Irvine,CA,0,fulltime,2026-08-20
Digital Systems Analyst,WestStar Bank,El Paso,TX,0,fulltime,2026-08-20
Business Systems Analyst - Laboratory,Tenet Healthcare Corporation,El Paso,TX,0,fulltime,2026-08-20
Business Systems Analyst,"Resicap Payroll, LLC",Atlanta,GA,0,fulltime,2026-08-20
Systems Analyst (Remote),Neumo Holdings LLC,NA,CA,1,fulltime,2026-08-20
Business Systems Analyst – Hybrid (NY-NJ-CT),BaubleBar,New York,NY,0,fulltime,2026-08-20
Trading Systems Analyst,AssetMark,Charlotte,NC,0,fulltime,2026-08-20
Business Systems Analyst,New York Housing Trust Fund,New York,NY,0,fulltime,2026-08-20
Biomedical Technician / Equipment Support Specialist - Information Systems,Blue Water Thinking,Houston,TX,0,fulltime,2026-08-20
DPR Systems Analyst (CSU Only),California State University,Los Angeles,CA,0,fulltime,2026-08-20
Operations Systems Analyst - USBL - US,Sysco,San Diego,CA,0,fulltime,2026-08-20
Data Systems Analyst 64,abra,Wheaton,IL,0,fulltime,2026-08-20
Business Systems Analyst - Finance & Operations,Rambus,San Jose,CA,0,fulltime,2026-08-20
Products Developer / Systems Analyst,Decision Resources,Pittsburgh,PA,1,fulltime,2026-08-20
Systems Analyst I,TransCore,Houston,TX,0,fulltime,2026-08-19
Information Systems Operations Specialist (IS2609 - NIC),CommuniCare,San Antonio,TX,0,fulltime,2026-08-19
"Applications Systems Analyst (OnBase/OnPhase, Archibus, RightFax, CobbleStone) - ITS-Enterprise Performance",University of Texas Medical Branch (UTMB),Galveston,TX,1,fulltime,2026-08-19
Information Systems Operations Specialist (IS2608 - NIC),CommuniCare,San Antonio,TX,0,fulltime,2026-08-19
Computer Systems Analyst Level I,RADIAL SOLUTIONS INCORPORATED,Columbus,GA,0,fulltime,2026-08-19
Business Systems Analyst,Uline,Glenview,IL,0,fulltime,2026-08-19
Information Systems Endpoint Tech Intern,United Regional,Wichita Falls,TX,0,internship,2026-08-19
Epic Systems Analyst- Radiant/Cupid,OhioHealth,NA,OH,1,fulltime,2026-08-19
Homecare Homebase Systems Analyst,"AccentCare, Inc.",Dallas,TX,1,fulltime,2026-08-18
Computer Systems Analyst,St Camillus Residential Health,Syracuse,NY,0,fulltime,2026-08-18
Clinical Systems Analyst,Axia Women's Health,Schuylkill Township,PA,0,fulltime,2026-08-18
HRIS Payroll - IT Analyst (Remote),Kindred Healthcare,Louisville,KY,1,fulltime,2026-08-18
Information Systems Engineer 2,WEXWEXUS,NA,OH,1,fulltime,2026-08-18
Bus Systems Analyst Conslt,PNC,Strongsville,OH,0,fulltime,2026-08-18
Information Systems Engineer 2,WEX,Maine,NY,1,fulltime,2026-08-18
"Salesforce Systems Analyst, Developer",Merz North America,Raleigh,NC,0,fulltime,2026-08-18
Systems Analyst II,Brex,New York,NY,0,fulltime,2026-08-17
Finance Systems Analyst,Hogan Lovells,Los Angeles,CA,0,fulltime,2026-08-18
Business Systems Analyst,B&H Photo Recruiting Department,New York,NY,0,fulltime,2026-08-17
IT Analyst,Syntec Optics,Rochester,NY,0,fulltime,2026-08-17
Systems Analyst - Intermediate (Epic Cadence),UPMC,Pittsburgh,PA,0,fulltime,2026-08-17
Junior HR Systems Analyst,SBM Offshore,Sacramento,CA,0,fulltime,2026-08-17
Systems Analyst II,Brex,San Francisco,CA,0,fulltime,2026-08-17
Risk Technology Consultant,Crowe,Los Angeles,CA,0,fulltime,2026-08-17
Business Systems Analyst,TNT Crane & Rigging,Houston,TX,0,fulltime,2026-08-17
Risk Technology Consultant,Crowe Advisory LLC,Dallas,TX,0,fulltime,2026-08-17
Technology Consultant - Civil/Water Resources,Symetri,Houston,TX,0,fulltime,2026-08-17
Systems Analyst - Smart Manufacturing,BorgWarner,Arden,NC,0,fulltime,2026-08-17
GTG Intern - Business Systems Analyst,Grainger Businesses,Chicago,IL,0,internship,2026-08-16
Information Governance Systems Analyst,Vedder,New York,NY,0,fulltime,2026-08-04
Cybersecurity Analyst,GM Financial,Irving,TX,0,fulltime,2026-08-21
Cybersecurity Analyst,American Tower,Cary,NC,0,fulltime,2026-08-21
Third Party Information Security Analyst,"SUMITOMO MITSUI TRUST BANK, LIMITED",New York,NY,0,fulltime,2026-08-21
Information Security Risk Analyst,"SUMITOMO MITSUI TRUST BANK, LIMITED",New York,NY,0,fulltime,2026-08-21
Information Security Risk Analyst (SOC),"SUMITOMO MITSUI TRUST BANK, LIMITED",New York,NY,0,fulltime,2026-08-21
Associate Industrial Security Analyst,Northrop Grumman,Palmdale,CA,0,fulltime,2026-08-21
Executive Assistant-Information Security & Risk Operations,Toyota Tsusho America,Georgetown,KY,0,fulltime,2026-08-21
Industrial Security Analyst,Northrop Grumman,Beavercreek,OH,0,fulltime,2026-08-21
Information Security Engineer Hybrid,Cisco,NA,NC,0,fulltime,2026-08-21
Internships in Cybersecurity and Information Security,The MITRE Corporation,San Diego,CA,0,internship,2026-08-21
Security Analyst I,Texas A&M University System,Kingsville,TX,0,fulltime,2026-08-21
Information Security Analyst,FIRST UNITED BANK,Lubbock,TX,0,fulltime,2026-08-21
Information Security Analyst 1,reliance,Cypress,CA,0,fulltime,2026-08-20
Cybersecurity Analyst,Rhodian Group,Rosemont,IL,0,fulltime,2026-08-20
Cybersecurity Analyst II,"CareDx, Inc.",Brisbane,CA,1,fulltime,2026-08-20
Security Analyst,Safe-Guard Products International LLC,Atlanta,GA,0,fulltime,2026-08-20
Technology Leadership Program - Risk & Security Analyst (PA),Vanguard,Malvern,PA,0,fulltime,2026-08-20
Information Security Coordinator,Fanatics Collectibles,Los Angeles,CA,0,fulltime,2026-08-20
Security Analyst I - Locksmith,Centrus Energy,Piketon,OH,0,fulltime,2026-08-20
"Intern, Information Security Risk and Compliance",Sony,New York,NY,0,internship,2026-08-20
Technology Leadership Program - Risk & Security Analyst (NC),Vanguard,Charlotte,NC,0,fulltime,2026-08-20
ASSOCIATE INFORMATION SECURITY SPECIALIST (BUREAU OF TECHNOLOGY) GRANT FUNDED,Cook County,Chicago,IL,0,fulltime,2026-08-20
IT Security Analyst,AltaMed,Commerce,CA,0,fulltime,2026-08-20
Information Security Analyst,SHELL FEDERAL CREDIT UNION,Deer Park,TX,0,fulltime,2026-08-20
Cybersecurity Analyst | PCI (Remote),The Home Depot,NA,TX,1,fulltime,2026-08-20
Information Security Co-op – Identity & Access Management – Summer 2027,Fifth Third Bank,Cincinnati,OH,0,internship,2026-08-20
Information Security Co-op – Identity & Access Management – Spring 2027,Fifth Third Bank,Cincinnati,OH,0,internship,2026-08-20
Information Security Analyst,Willkie Farr & Gallagher LLP,New York,NY,1,fulltime,2026-08-20
Logistics Security Analyst,Pinkerton,Sunnyvale,CA,0,fulltime,2026-08-19
Information Security Co-op - Cyber Threat Interdiction - Summer 2027,Fifth Third Bank,Cincinnati,OH,0,internship,2026-08-20
Information Security Co-op – Code Security – Spring 2027,Fifth Third Bank,Cincinnati,OH,0,internship,2026-08-20
IT Information Security Administrator,Gregory Poole Equipment Company,Raleigh,NC,0,fulltime,2026-08-19
Information Security Engineer,SCAN Health Insurance,Long Beach,CA,0,fulltime,2026-08-19
Summer 2027 - IT Audit Intern (Austin),Armanino LLP,Austin,TX,0,internship,2026-08-19
Jr. Cyber Security Analyst,OneOncology,Port Jefferson Station,NY,0,fulltime,2026-08-19
"Technology Leadership Program, Risk and Security Analyst (TX)",Vanguard,Dallas,TX,0,fulltime,2026-08-19
Application Security Analyst II - AI,Frost,San Antonio,TX,0,fulltime,2026-08-19
Cybersecurity Analyst,Ericsson,Plano,TX,0,fulltime,2026-08-18
Cybersecurity Analyst,Benda Infotech,Chicago,IL,0,fulltime,2026-08-18
SAP Security Analyst,Corning,NA,NC,0,fulltime,2026-08-18
Security Analyst - SOC - Sunday - Thursday - 3:00pm EST - 11:30pm EST,PNC,Cleveland,OH,0,fulltime,2026-08-18
Information Technology (IT) Audit Intern,Great American Insurance Group,Cincinnati,OH,0,internship,2026-08-18
SOC Security Analyst - Utility Company - Rye,Allied Universal,City of Rye,NY,0,fulltime,2026-08-18
Industrial Security Analyst (CSSO/CPSO),SpaceX,Vandenberg Village,CA,0,fulltime,2026-08-17
Information Security Risk Specialist,Booz Allen Hamilton,California,MD,0,fulltime,2026-08-18
Information Security Intern,Cencora,Carrollton,TX,0,internship,2026-08-18
Cybersecurity Analyst,USA DeBusk,Houston,TX,0,fulltime,2026-08-17
Classified Cybersecurity Analyst - Secret,Northrop Grumman,Redondo Beach,CA,0,fulltime,2026-08-17
Cyber Security Analyst,OneAmerica Financial,Indianapolis,IN,0,fulltime,2026-08-11
Application Security Analyst II - AI,Frost Bank,San Antonio,TX,0,fulltime,2026-08-05
Information Security Intern,Cencora,Conshohocken,PA,0,internship,2026-08-17
Market Research & Data Analytics Intern,Dolby,San Francisco,CA,0,internship,2026-08-18
2027 Spring/Summer Internship: Business Analytics Intern,Allegheny County Department of Human Services,Pittsburgh,PA,0,internship,2026-08-18
Student | Data Science Intern — Mendoza Research Team,University of Notre Dame,Notre Dame,IN,0,internship,2026-08-18
Video & Hockey Analytics Intern,"Spire Holdings, LLC. and affiliated companies",Athens,GA,0,internship,2026-08-11
PROGRAM ANALYST (READINESS DATA),Organization of the Joint Chiefs of Staff,Pentagon,VA,0,federal,2026-08-21
Program Analyst,Office of the Chief Human Capital Officer,Salt Lake City,UT,0,federal,2026-08-21
DATA ANALYTICS SPECIALIST (T32),Army National Guard Units,Montgomery,AL,0,federal,2026-08-20
Data Scientist Development Program (DSDP) - Entry to Expert Level (MD),National Security Agency/Central Security Service,Fort Meade,MD,0,federal,2026-08-20
Program Analyst,Veterans Benefits Administration,Washington,DC,0,federal,2026-08-20
Program Analyst,Veterans Health Administration,New Orleans,LA,0,federal,2026-08-20
Management and Program Analyst (ORA),Federal Emergency Management Agency,Chicago,IL,0,federal,2026-08-19
Export Analyst,Bureau of Industry and Security,Washington,DC,0,federal,2026-08-19
Data Scientist,Cybersecurity and Infrastructure Security Agency,Arlington,VA,0,federal,2026-08-19
Management & Program Analyst,Veterans Health Administration,Phoenix,AZ,0,federal,2026-08-19
Business Systems Analyst (Product Owner),Bureau of the Fiscal Service,Washington,DC,0,federal,2026-08-19
Electrical Test Data Steward,Bonneville Power Administration,Vancouver,WA,0,federal,2026-08-19
Management & Program Analyst (Managerial Cost Accounting/Decision Support System),Veterans Health Administration,West Palm Beach,FL,0,federal,2026-08-18
Investigative Analyst (Enterprise Fraud Risk Management Program),Bureau of the Fiscal Service,Birmingham,AL,0,federal,2026-08-18
Management and Program Analyst (FSEP Analyst),Federal Aviation Administration,College Park,GA,0,federal,2026-08-18
Data Scientist,Social Security Administration,Woodlawn,MD,0,federal,2026-08-11
Clinical Lab Scientist,Veterans Health Administration,Louisville,KY,0,federal,2026-08-21
Data Scientist,Customs and Border Protection,Riverside,CA,0,federal,2026-08-21
Software Engineer - Mid to Experienced Level (Maryland),National Security Agency/Central Security Service,Fort Meade,MD,0,federal,2026-08-10
SCIENTIST,Naval Sea Systems Command,Naval Base Newport,RI,0,federal,2026-08-21
Clinical Laboratory Scientist- Midnights,Veterans Health Administration,Orlando,FL,0,federal,2026-08-20
Clinical Laboratory Scientist,Veterans Health Administration,Lebanon,PA,0,federal,2026-08-19
Physical Scientist (Environmental),U.S. Army Medical Command,Tripler Army Medical Center,HI,0,federal,2026-08-18
"ANALYTIC MATHEMATICIAN, STATISTICIAN, DATA-SCIENTIST",Defense Intelligence Agency,Washington,DC,0,federal,2026-08-18
Clinical Laboratory Scientist,Veterans Health Administration,Fort Wayne,IN,0,federal,2026-08-17
Clinical Laboratory Scientist,Veterans Health Administration,Columbia,SC,0,federal,2026-08-17
Data Scientist,Bureau of the Fiscal Service,Washington,DC,0,federal,2026-08-17
Data Scientist - DHA,Social Security Administration,Woodlawn,MD,0,federal,2026-08-13
Computer Scientist,Government Publishing Office,Washington,DC,0,federal,2026-08-12
Applied Social Scientist - Mid to Experienced Level (Maryland),National Security Agency/Central Security Service,Fort Meade,MD,0,federal,2026-08-05
Management and Program Analyst,"Agriculture, Rural Development",Stevens Point,WI,0,federal,2026-08-21
Management Analyst,Bureau of Prisons/Federal Prison System,Washington,DC,0,federal,2026-08-21
Maintenance Mangement Analyst,U.S. Army Corps of Engineers,Eureka Springs,AR,0,federal,2026-08-21
FINANCIAL MANAGEMENT ANALYST,Army National Guard Units,Latham,NY,0,federal,2026-08-21
Program Analyst (Informatics),Veterans Health Administration,Biloxi,MS,0,federal,2026-08-21
Management Analyst,Veterans Benefits Administration,Denver,CO,0,federal,2026-08-21
Program Analyst (Informatics),Veterans Health Administration,Indianapolis,IN,0,federal,2026-08-21
Management and Program Analyst,Defense Contract Management Agency,Huntsville,AL,0,federal,2026-08-21
Management Analyst,Veterans Benefits Administration,Montgomery,AL,0,federal,2026-08-21
FINANCIAL MANAGEMENT ANALYST,United States Fleet Forces Command,Fort Meade Naval Facilities,MD,0,federal,2026-08-21
FINANCIAL MANAGEMENT ANALYST,United States Fleet Forces Command,Naval Shipyard,VA,0,federal,2026-08-21
Management and Program Analyst (Direct Hire),Armstrong Flight Research Center,Huntsville,AL,0,federal,2026-08-21
Management and Program Analyst (Wildland Fire),Office of the Secretary of the Interior,Boise,ID,0,federal,2026-08-21
F-35 LIGHTNING II JOINT PROGRAM OFFICE - FINANCIAL MANAGEMENT ANALYST,Naval Air Systems Command,Patuxent River,MD,0,federal,2026-08-21
Budget Analyst,Bureau of the Fiscal Service,Washington,DC,0,federal,2026-08-21
PROGRAM ANALYST,U.S. Marine Corps,Albany Marine Corps Logistics Base,GA,0,federal,2026-08-21
SUPPLY SYSTEMS ANALYST,Naval Supply Systems Command,Naval Base,VA,0,federal,2026-08-21
Systems & Procedures Analyst,Deputy Assistant Secretary for Finance,Salt Lake City,UT,0,federal,2026-08-21
Management and Program Analyst,Internal Revenue Service,Anchorage,AK,0,federal,2026-08-20
IT SPECIALIST (CUSTOMER SUPPORT),Army National Guard Units,Columbia,SC,0,federal,2026-08-20
Health System Specialist,Veterans Health Administration,Battle Creek,MI,0,federal,2026-08-20
Program Analyst,Defense Human Resources Activity,Alexandria,VA,0,federal,2026-08-20
Management and Program Analyst,Citizenship and Immigration Services,District of Columbia,DC,0,federal,2026-08-20
Program Analyst,Federal Emergency Management Agency,Atlanta,GA,0,federal,2026-08-20
Management Analyst,Veterans Benefits Administration,Winston-Salem,NC,0,federal,2026-08-20
Business Analyst,Defense Logistics Agency,Philadelphia,PA,0,federal,2026-08-20
BUDGET ANALYST,Air Combat Command,Eglin AFB,FL,0,federal,2026-08-20
FINANCIAL MANAGEMENT ANALYST,Defense Finance and Accounting Service,Indianapolis,IN,0,federal,2026-08-20
INTERNAL CONTROL ANALYST,Air National Guard Units,Rickenbacker AFB,OH,0,federal,2026-08-20
Management Analyst,Veterans Benefits Administration,Overland,MO,0,federal,2026-08-20
Management Analyst,Defense Information Systems Agency,Fort Meade,MD,0,federal,2026-08-20
Management Analyst,U.S. Army Corps of Engineers,Walla Walla,WA,0,federal,2026-08-20
FINANCIAL MANAGEMENT ANALYST,Naval Sea Systems Command,Washington Navy Yard,DC,0,federal,2026-08-20
Management and Program Analyst,Customs and Border Protection,Edinburg,TX,0,federal,2026-08-20
Management and Program Analyst,Immigration and Customs Enforcement,Irving,TX,0,federal,2026-08-20
Management and Program Analyst  (Workforce Management),Customs and Border Protection,Portland,ME,0,federal,2026-08-20
Management and Program Analyst (Temporary Promotion NTE 120Days),Veterans Health Administration,Hines,IL,0,federal,2026-08-20
IT Specialist (Disaster Operations Support),Small Business Administration,Salt Lake City,UT,0,federal,2026-08-21
IT SPECIALIST (CUSTSPT),Air National Guard Units,Fairchild AFB,WA,0,federal,2026-08-21
Information Technology Specialist (Computer Specialist),Bureau of Prisons/Federal Prison System,Aliceville,AL,0,federal,2026-08-23
Information Technology Specialist (CUSTSPT) NF-03,United States Army Installation Management Command,Fort McCoy,WI,0,federal,2026-08-21
Information Technology Specialist (Sysadmin),Military Treatment Facilities under DHA,Fort Bragg,NC,0,federal,2026-08-21
IT Specialist (Security),Centers for Medicare & Medicaid Services,Woodlawn,MD,0,federal,2026-08-21
IT SPECIALIST (CUSTOMER SUPPORT),Army National Guard Units,Columbus,OH,0,federal,2026-08-21
Information Tech Cyber Security Specialist,U.S. Coast Guard,Washington,DC,0,federal,2026-08-21
Information Technology Specialist,Deputy Assistant Secretary for Information and Technology,Austin,TX,0,federal,2026-08-21
Information Technology Specialist (Customer Support),Joint Activities,Fort Bragg,NC,0,federal,2026-08-21
INFORMATION TECHNOLOGY SPECIALIST (INFOSEC),United States Space Force,Buckley AFB,CO,0,federal,2026-08-21
IT Cybersecurity Specialist (Network/Infosec) - Recent Graduate,Defense Information Systems Agency,Fort Meade,MD,0,federal,2026-08-21
INFORMATION TECHNOLOGY SPECIALIST (INFOSEC),Air Force Global Strike Command,Kirtland AFB,NM,0,federal,2026-08-21
IT Cybersecurity Specialist (InfoSec),Defense Information Systems Agency,Ford Island,HI,0,federal,2026-08-21
Information Technology Cybersecurity Specialist (INFOSEC),American Battle Monuments Commission,Arlington,VA,0,federal,2026-08-21
Health System Specialist,Military Treatment Facilities under DHA,Rota,NA,0,federal,2026-08-21
Medical Records Technician (Coder) Auditor,Veterans Health Administration,Anywhere in the U.S. (remote job),NA,0,federal,2026-08-21
Systems Integration Specialist,National Institute of Standards and Technology,Gaithersburg,MD,0,federal,2026-08-21
"IT Specialist (Training, Communications and Change Management)",Office of the Chief Information Officer,Lakewood,CO,0,federal,2026-08-20
Local Hire (IT Specialist),Federal Emergency Management Agency,Billings,MT,0,federal,2026-08-20
IT SPECIALIST (PLCYPLN),Army National Guard Units,Centennial,CO,0,federal,2026-08-20
Systems Administrator,Defense Logistics Agency,Battle Creek,MI,0,federal,2026-08-20
IT SPECIALIST (SYSADMIN),Warfighting Acquisition University,Huntsville,AL,0,federal,2026-08-20
IT SPECIALIST (SYSADMIN/CUSTSPT),Army National Guard Units,Boise,ID,0,federal,2026-08-20
Information Technology Specialist,Executive Office for U.S. Attorneys and the Office of the U.S. Attorneys,Philadelphia,PA,0,federal,2026-08-20
IT Specialist (Systems Administration),Federal Aviation Administration,Atlantic City,NJ,0,federal,2026-08-20
IT SPECIALIST(SYSADMIN),United States Fleet Forces Command,Naval Base,VA,0,federal,2026-08-20
Information Technology Specialist,Commodity Futures Trading Commission,Washington,DC,0,federal,2026-08-20
IT SPECIALIST (DATA MANAGEMENT),Department of War Education Activity,Alexandria,VA,0,federal,2026-08-20
Information Technology Specialist (Network),U.S. Army Cyber Command,PYEONGTAEK,NA,0,federal,2026-08-20
Information Technology Specialist (Systems Administration),U.S. Army Communications Electronics Command,Fort Gordon,GA,0,federal,2026-08-20
IT CYBERSECURITY SPECIALIST (INFOSEC),Army National Guard Units,Camp Murray,WA,0,federal,2026-08-19
Cybersecurity Awareness and Guidance Specialist,Cybersecurity and Infrastructure Security Agency,Arlington,VA,0,federal,2026-08-19
Engineering Technician,Deputy Assistant Secretary for Information and Technology,Philadelphia,PA,0,federal,2026-08-19
Cybersecurity Investigations Analyst,Office of the Inspector General for Tax Administration,Beltsville,MD,0,federal,2026-08-19
General Engineer,Office of Inspector General,Alexandria,VA,0,federal,2026-08-18
IT Specialist (Security),Missile Defense Agency,Redstone Arsenal,AL,0,federal,2026-08-18
Biomedical Engineer,Veterans Health Administration,Providence,RI,0,federal,2026-08-18
IT Specialist (Security),U.S. Army Joint Munitions Command,Pine Bluff Arsenal,AR,0,federal,2026-08-18
INDUSTRIAL SECURITY SPECIALIST (TRADITIONAL REVIEWER),Defense Counterintelligence and Security Agency,Huntsville,AL,0,federal,2026-08-18
INFORMATION TECHNOLOGY SPECIALIST (INFOSEC),Naval Air Systems Command,Point Mugu,CA,0,federal,2026-08-18
Information Technology Specialist (Security),U.S. Army Cyber Command,Wiesbaden,NA,0,federal,2026-08-18
IT Cybersecurity Specialist (PLCYPLN) - CES Recent Graduate,Defense Information Systems Agency,Fort Meade,MD,0,federal,2026-08-18
IT Cybersecurity Specialist (INFOSEC),Office of the Secretary of Health and Human Services,Washington,DC,0,federal,2026-08-18
IT SPECIALIST (SYSADMIN),U.S. Pacific Fleet,Singapore,NA,0,federal,2026-08-18
IT SPECIALIST (APPSW),ARMY TRANSPORTATION,Scott AFB,IL,0,federal,2026-08-18
IT Specialist (APPSW),Deputy Assistant Secretary for Information and Technology,Salt Lake City,UT,0,federal,2026-08-18
IT SPECIALIST (CUSTOMER SUPPORT),"Commander, Navy Installations Command",Norfolk,VA,0,federal,2026-08-17
SECURITY SPECIALIST- TITLE 32,Army National Guard Units,Marietta,GA,0,federal,2026-08-23
Cyberspace Operations Planner,Joint Activities,Stuttgart,NA,0,federal,2026-08-17
Program Analyst,Bureau of Industry and Security,Washington,DC,0,federal,2026-08-21
Personnel Security Specialist,Office of the Chief Human Capital Officer,Salt Lake City,UT,0,federal,2026-08-21
SECURITY SPECIALIST,U.S. Marine Corps,Quantico,VA,0,federal,2026-08-21
Transportation Security Officer,Transportation Security Administration,Portland,OR,0,federal,2026-08-21
Transportation Security Officer,Transportation Security Administration,Lewiston,ID,0,federal,2026-08-21
SECURITY SPECIALIST,Bureau of Naval Personnel,Millington,TN,0,federal,2026-08-21
SECURITY SPECIALIST,Air Mobility Command,Travis AFB,CA,0,federal,2026-08-21
SECURITY SPECIALIST,Office of the Chief of Staff of the Army,Pentagon,VA,0,federal,2026-08-21
Personnel Security Specialist,U.S. Secret Service,Washington,DC,0,federal,2026-08-21
Correctional Program Specialist (Intelligence Analyst),Bureau of Prisons/Federal Prison System,Phoenix,AZ,0,federal,2026-08-21
Auditor,Office of Inspector General,Fort Worth,TX,0,federal,2026-08-21
Transportation Security Officer,Transportation Security Administration,Hobbs,NM,0,federal,2026-08-21
Transportation Security Officer,Transportation Security Administration,Rapid City,SD,0,federal,2026-08-21
Information Technology Specialist (Systems Administration/Operating Systems),U.S. Army Cyber Command,Camp Humphreys,NA,0,federal,2026-08-18
Transportation Security Officer,Transportation Security Administration,Austin,TX,0,federal,2026-08-21
Economist/Statistician (Economics),Bureau of Labor Statistics,Salt Lake City,UT,0,federal,2026-08-18
Statistician,Occupational Safety and Health Administration,Washington,DC,0,federal,2026-08-17
Without Compensation (WOC) - Research Statistician,Veterans Health Administration,Saint Louis,MO,0,federal,2026-08-14
Medical Records Technician (Coder)  - Auditor,Veterans Health Administration,Orlando,FL,0,federal,2026-08-19
FINANCIAL MANAGEMENT ANALYST -Title 32,Army National Guard Units,Camp Williams,WI,0,federal,2026-08-18
ACCOUNTANT (SYSTEMS),Program Support Center,Rockville,MD,0,federal,2026-08-17
Medical Records Technician (Coder) Auditor - Outpatient and Inpatient,Veterans Health Administration,Anywhere in the U.S. (remote job),NA,0,federal,2026-08-18
Program Analyst,Veterans Health Administration,Dallas,TX,0,federal,2026-08-28
Clinical Laboratory Scientist (Technical) - Laboratory Information,Veterans Health Administration,Minneapolis,MN,0,federal,2026-08-28
Geographic Information Systems (GIS) Analyst,"Office of the Inspector General, USPS",Arlington,VA,0,federal,2026-08-28
Research Scientist / Computer Systems Researcher - Mid to Expert Level (MD),National Security Agency/Central Security Service,Fort Meade,MD,0,federal,2026-08-28
Financial Management Analyst (Data Analytics),Defense Finance and Accounting Service,Indianapolis,IN,0,federal,2026-08-28
Management Analyst (Data Analytics),Federal Emergency Management Agency,Oakland,CA,0,federal,2026-08-28
Program Analyst,Veterans Health Administration,Los Angeles,CA,0,federal,2026-08-28
Interdisciplinary Engineer,Defense Contract Management Agency,Phoenix,AZ,0,federal,2026-08-28
Statistician (Data Scientist),Office of the Secretary of the Interior,Lakewood,CO,0,federal,2026-08-26
Financial Intelligence Analyst,"Treasury, Financial Crimes Enforcement Network",Vienna,VA,0,federal,2026-08-25
Visual Information Specialist,"U.S. Air Forces, Europe",Mildenhall,NA,0,federal,2026-08-25
FINANCIAL MANAGEMENT ANALYST (DATA ANALYTICS),Defense Finance and Accounting Service,Cleveland,OH,0,federal,2026-08-25
Management & Program Analyst,Federal Aviation Administration,Tutuila Island,NA,0,federal,2026-08-25
Investigative Analyst (Recent Graduate),Federal Aviation Administration,Fort Worth,TX,0,federal,2026-08-25
Program Analyst,Veterans Health Administration,Leavenworth,KS,0,federal,2026-08-24
Data Scientist,Consumer Product Safety Commission,Bethesda,MD,0,federal,2026-08-25
Program Analyst,Veterans Health Administration,Saint Cloud,MN,0,federal,2026-08-24
Data Scientist,National Oceanic and Atmospheric Administration,Boulder,CO,0,federal,2026-08-24
Data Scientist,Federal Aviation Administration,Washington,DC,0,federal,2026-08-24
Clinical Laboratory Scientist,Veterans Health Administration,Hot Springs,SD,0,federal,2026-08-29
Clinical Lab Scientist (Intermittent),Veterans Health Administration,Louisville,KY,0,federal,2026-08-28
Clinical Laboratory Scientist,Veterans Health Administration,Albuquerque,NM,0,federal,2026-08-28
Clinical Lab Scientist,Veterans Health Administration,Asheville,NC,0,federal,2026-08-27
Clinical Laboratory Scientist,Veterans Health Administration,Fort Wayne,IN,0,federal,2026-08-27
Clinical Laboratory Scientist,Veterans Health Administration,Johnson City,TN,0,federal,2026-08-27
Clinical Lab Scientist,Veterans Health Administration,Buffalo,NY,0,federal,2026-08-27
General Engineer/Physical Scientist,National Nuclear Security Administration,Los Alamos,NM,0,federal,2026-08-27
Data Scientist,Joint Activities,Fort Meade,MD,0,federal,2026-08-27
Clinical Laboratory Scientist,Veterans Health Administration,Beckley,WV,0,federal,2026-08-26
Clinical Laboratory Scientist - Generalist,Veterans Health Administration,Oklahoma City,OK,0,federal,2026-08-26
Biologist/Ecologist/General/Civil/Environmental Engineer/Physical Scientist/Geologist/Oceanographer,U.S. Army Corps of Engineers,Baltimore,MD,0,federal,2026-08-26
Clinical Laboratory Scientist,Veterans Health Administration,Orlando,FL,0,federal,2026-08-24
Environmental Scientist,National Oceanic and Atmospheric Administration,Silver Spring,MD,0,federal,2026-08-25
Clinical Laboratory Scientist,Veterans Health Administration,Oklahoma City,OK,0,federal,2026-08-24
Data Scientist Administrator (Program Officer),National Institutes of Health,Montgomery County,MD,0,federal,2026-08-24
Clinical Lab Scientist,Veterans Health Administration,Louisville,KY,0,federal,2026-08-24
Management & Program Analyst,Veterans Health Administration,Loma Linda,CA,0,federal,2026-08-06
Clinical Laboratory Scientist,Veterans Health Administration,Houston,TX,0,federal,2026-08-25
Management Analyst,Defense Health Agency,Fort Gordon,GA,0,federal,2026-08-29
Financial Management Analyst,Defense Health Agency,San Antonio,TX,0,federal,2026-08-29
MANAGEMENT ANALYST - TITLE 32,Army National Guard Units,Frankfort,KY,0,federal,2026-08-28
MANAGEMENT ANALYST - TITLE 5,Army National Guard Units,Frankfort,KY,0,federal,2026-08-28
Management and Program Analyst,Veterans Health Administration,Long Beach,CA,0,federal,2026-08-28
Management and Program Analyst,United States Army Installation Management Command,Fort Campbell,KY,0,federal,2026-08-28
FINANCIAL MANAGEMENT ANALYST - TITLE 5,Air National Guard Units,Louisville,KY,0,federal,2026-08-28
Management and Program Analyst,Internal Revenue Service,Fresno,CA,0,federal,2026-08-28
Program Analyst,Deputy Assistant Secretary for Information and Technology,Philadelphia,PA,0,federal,2026-08-28
IT SPECIALIST (CUSTSPT),Air National Guard Units,Eastover,SC,0,federal,2026-08-28
Program Analyst,Office of the Inspector General,Washington,DC,0,federal,2026-08-28
Program Analyst (Informatics),Veterans Health Administration,Minneapolis,MN,0,federal,2026-08-28
Management Analyst,Bureau of Prisons/Federal Prison System,Lompoc,CA,0,federal,2026-08-28
PROGRAM ANALYST,United States Fleet Forces Command,Fort Meade Naval Facilities,MD,0,federal,2026-08-30
Management Analyst,Occupational Safety and Health Administration,Portland,OR,0,federal,2026-08-28
Management and Program Analyst (Contracting Officer Representative),U.S. Secret Service,Hoover,AL,0,federal,2026-08-28
Management Analyst,U.S. Capitol Police,Washington,DC,0,federal,2026-08-28
BUDGET ANALYST,"Air Force Elements, U.S. Transportation Command",Scott AFB,IL,0,federal,2026-08-28
Management and Program Analyst,U.S. Secret Service,Washington,DC,0,federal,2026-08-28
MANAGEMENT ANALYST,Department of the Air Force Headquarters,Hurlburt Field,FL,0,federal,2026-08-28
MANAGEMENT ANALYST,Pacific Air Forces,Hickam AFB,HI,0,federal,2026-08-28
Management and Program Analyst,U.S. Marshals Service,Glynco,GA,0,federal,2026-08-28
MANAGEMENT ANALYST,Air Mobility Command,Charleston AFB,SC,0,federal,2026-08-28
Management Analyst,Defense Information Systems Agency,Fort Meade,MD,0,federal,2026-08-28
Budget Analyst,Veterans Health Administration,Los Angeles,CA,0,federal,2026-08-28
FINANCIAL MANAGEMENT ANALYST,Defense Finance and Accounting Service,Indianapolis,IN,0,federal,2026-08-28
Management and Program Analyst,Office of Personnel Management,Lakewood,CO,0,federal,2026-08-28
Management and Program Analyst,Internal Revenue Service,Anchorage,AK,0,federal,2026-08-28
BUDGET ANALYST,Air Mobility Command,Dover AFB,DE,0,federal,2026-08-28
Operations Research Analyst,U.S. Military Entrance Processing Command,North Chicago,IL,0,federal,2026-08-28
Program Analyst,Bureau of Reclamation,Sacramento,CA,0,federal,2026-08-28
PROGRAM ANALYST,Defense Security Cooperation Agency,Arlington,VA,0,federal,2026-08-27
Budget Analyst (Detail/Temporary Promotion),Veterans Health Administration,Arlington,TX,0,federal,2026-08-27
PROGRAM ANALYST,Department of the Air Force Headquarters,Robins AFB,GA,0,federal,2026-08-27
IT SPEC (PLCYPLN),Air National Guard Units,Otis ANG Base,MA,0,federal,2026-08-27
Program Analyst (Informatics),Veterans Health Administration,Jefferson Barracks,MO,0,federal,2026-08-27
Management Analyst,Administrative Office of the U.S. Courts,Washington,DC,0,federal,2026-08-27
Financial Management Analyst,U.S. Army Test and Evaluation Command,Fort Hood,TX,0,federal,2026-08-27
Management and Program Analyst,Defense Logistics Agency,Battle Creek,MI,0,federal,2026-08-27
Program Analyst,Veterans Health Administration,Saint Louis,MO,0,federal,2026-08-27
FINANCIAL MANAGEMENT ANALYST,Air National Guard Units,Scotia,NY,0,federal,2026-08-27
Management and Program Analyst,Internal Revenue Service,Ogden,UT,0,federal,2026-08-27
Management and Program Analyst,U.S. Secret Service,Landover,MD,0,federal,2026-08-27
Program Analyst,Veterans Health Administration,Perry Point,MD,0,federal,2026-08-27
MANAGEMENT ANALYST,Army National Guard Units,Camp Roberts,CA,0,federal,2026-09-11
Management Analyst,Veterans Benefits Administration,Philadelphia,PA,0,federal,2026-08-27
MANAGEMENT AND PROGRAM ANALYST,Naval Facilities Engineering Systems Command,Bremerton,WA,0,federal,2026-08-27
MANAGEMENT AND PROGRAM ANALYST,Naval Education and Training Command,Naval Air Station Pensacola,FL,0,federal,2026-08-27
MANAGEMENT ANALYST,U.S. Marine Corps,Naval Base,VA,0,federal,2026-08-27
Management Analyst (Manpower),Military Treatment Facilities under DHA,Camp Lejeune,NC,0,federal,2026-08-27
Security Liaison Specialist,House of Representatives,Washington,DC,0,federal,2026-08-29
Health System Specialist - Credentialing and Privileging,Veterans Health Administration,Phoenix,AZ,0,federal,2026-08-28
Information Technology Specialist (Information Security),U.S. Army Intelligence and Security Command,Fort Gordon,GA,0,federal,2026-08-29
IT Specialist (SYSANALYSIS),Defense Logistics Agency,Battle Creek,MI,0,federal,2026-08-28
Government Information Specialist,Veterans Health Administration,Ann Arbor,MI,0,federal,2026-08-28
Clinical Laboratory Scientist (Regional Technical Specialist) - AP Pathologist Assistant,Veterans Health Administration,Minneapolis,MN,0,federal,2026-08-28
Government Information Specialist,Veterans Health Administration,West Haven,CT,0,federal,2026-08-28
IT Specialist (CUSTSPT),Deputy Assistant Secretary for Information and Technology,Chelmsford,MA,0,federal,2026-08-28
IT Specialist (INFOSEC),Federal Emergency Management Agency,Washington,DC,0,federal,2026-08-28
INFORMATION TECHNOLOGY SPECIALIST (IT OPS AND SECURITY),Air Combat Command,Offutt AFB,NE,0,federal,2026-08-28
Information Technology Specialist (Security/System Administration),U.S. Army Cyber Command,Stuttgart,NA,0,federal,2026-08-28
Information Technology Specialist (Systems Administration),U.S. Army Cyber Command,Fort Wainwright,AK,0,federal,2026-08-28
Health System Specialist - Health Professions Education Specialist,Veterans Health Administration,Omaha,NE,0,federal,2026-08-28
IT Specialist (System Analysis),U.S. Census Bureau,Suitland,MD,0,federal,2026-08-28
INFORMATION TECHNOLOGY SPECIALIST (APPSW),U.S. Marine Corps,Stafford,VA,0,federal,2026-08-27
IT Specialist (INFOSEC),Military Treatment Facilities under DHA,Fort Campbell,TN,0,federal,2026-08-27
IT Spec (DATAMGT),Office of Personnel Management,Washington,DC,0,federal,2026-08-28
Systems Administrator,National Institute of Standards and Technology,Rockville,MD,0,federal,2026-08-28
Forensic Computer Analyst,U.S. Postal Service,Cleveland,OH,0,federal,2026-08-27
IT CYBERSECURITY SPECIALIST (SYSANALYSIS/INFOSEC),Defense Information Systems Agency,Fort Huachuca,AZ,0,federal,2026-08-27
IT SPECIALIST (INFOSEC),Department of the Air Force Headquarters,Patrick AFB,FL,0,federal,2026-08-27
IT SPECIALIST (INFOSEC/CUSTSPT),Military Treatment Facilities under DHA,Rota,NA,0,federal,2026-08-27
INFORMATION TECHNOLOGY SPECIALIST (INFORMATION SECURITY),Naval Air Systems Command,Patuxent River,MD,0,federal,2026-08-27
"Information Technology (IT) Specialist, 4 IAS/INM",United States Space Force Forces,Wright-Patterson AFB,OH,0,federal,2026-08-27
IT CYBERSECURITY SPECIALIST (INFOSEC),Air National Guard Units,Elmendorf AFB,AK,0,federal,2026-08-26
IT Specialist (Network),Defense Contract Management Agency,Fort Lee,VA,0,federal,2026-08-26
Biomedical Equipment Support Specialist (Information Systems),Veterans Health Administration,Fargo,ND,0,federal,2026-08-26
ELECTRICAL ENGINEER,U.S. Army Corps of Engineers,Bridgeport,WA,0,federal,2026-08-26
Information Tech Cyber Security Specialist,U.S. Coast Guard,Washington,DC,0,federal,2026-08-26
It Specialist (Network),Deputy Assistant Secretary for Information and Technology,Salt Lake City,UT,0,federal,2026-08-26
Biomedical Equipment Support Specialist-Information Systems,Veterans Health Administration,Fayetteville,AR,0,federal,2026-08-25
IT Cybersecurity Specialist,Western Area Power Administration,Phoenix,AZ,0,federal,2026-08-25
IT Specialist (SYSADMIN/CUSTSPT),"Offices, Boards and Divisions",Washington,DC,0,federal,2026-08-25
IT SPECIALIST,U.S. Pacific Fleet,Corpus Christi,TX,0,federal,2026-08-26
RISK MANAGEMENT & CYBERSECURITY SPECIALIST- ALTERNATE HIRING AUTHORITY,Air Force Materiel Command,Wright-Patterson AFB,OH,0,federal,2026-08-25
Information Technology Specialist (Data Quality Engineer),Internal Revenue Service,Fresno,CA,0,federal,2026-08-25
HR SPEC (INFORMATION SYSTEMS),Army National Guard Units,Jackson,MS,0,federal,2026-08-28
Security Assistant,Veterans Health Administration,Reno,NV,0,federal,2026-08-28
Security Specialist (Witness Security),Executive Office for U.S. Attorneys and the Office of the U.S. Attorneys,Washington,DC,0,federal,2026-08-28
Security Assistant (Dispatcher),Veterans Health Administration,Prescott,AZ,0,federal,2026-08-28
INFORMATION SECURITY SPECIALIST (TITLE 5),Army National Guard Units,Springfield,IL,0,federal,2026-08-28
Emerging Technology Analyst,Office of the Director of National Intelligence,McLean,VA,0,federal,2026-08-28
Program Analyst,Defense Information Systems Agency,Ford Island,HI,0,federal,2026-08-28
Research Mathematical Statistician,Bureau of Labor Statistics,Suitland,MD,0,federal,2026-08-28
Fish Biologist/Statistician (Biology),National Oceanic and Atmospheric Administration,Anchorage,AK,0,federal,2026-08-25
Personnel Security Assistant,Veterans Health Administration,Jamaica Plain,MA,0,federal,2026-08-28
Program Analyst,Transportation Security Administration,Springfield,VA,0,federal,2026-09-04
INTELLIGENCE ANALYST (TARGETING),Department of the Air Force Headquarters,Langley AFB,VA,0,federal,2026-09-04
Management Analyst,Federal Aviation Administration,Washington,DC,0,federal,2026-09-04
Public Notice - Research Computer Scientist (Direct Hire),Langley Research Center,Cleveland,OH,0,federal,2026-09-03
Management & Program Analyst (Managerial Cost Accounting/Decision Support System),Veterans Health Administration,Bay Pines,FL,0,federal,2026-09-03
Health System Specialist (Strategic Planner),Veterans Health Administration,Harlingen,TX,0,federal,2026-09-04
Data Scientist,National Oceanic and Atmospheric Administration,La Jolla,CA,0,federal,2026-09-03
Program Analyst,Federal Emergency Management Agency,Washington,DC,0,federal,2026-09-01
Information Technology Specialist (Website Administrator &amp; Technologist),Smithsonian Institution,Washington,DC,0,federal,2026-09-01
Data Scientist,Environmental Protection Agency,Washington,DC,0,federal,2026-09-01
Information Technology Specialist  (Website Administrator &amp; Technologist),Smithsonian Institution,Washington,DC,0,federal,2026-09-01
Business Analyst,Consumer Product Safety Commission,Bethesda,MD,0,federal,2026-09-01
Data Scientist (Direct Hire),Environmental Protection Agency,Washington,DC,0,federal,2026-09-01
ADMIN & OFFICE SUPPORT STUDENT TRAINEE (ADMIN & ANALYSIS),Defense Counterintelligence and Security Agency,Fort Meade,MD,0,federal,2026-09-01
Program Analyst (Informatics),Veterans Health Administration,Memphis,TN,0,federal,2026-08-31
Summer 2027 College Internship - Data & Visualization Career Field,National Geospatial-Intelligence Agency,Saint Louis,MO,0,internship,2026-08-31
Data Scientist,Office of Inspector General,Lakewood,CO,0,federal,2026-08-31
Geographic Information Systems (GIS) Analyst,"Office of the Inspector General, USPS",Arlington,VA,0,federal,2026-08-28
Physical Scientist,National Park Service,American Fork,UT,0,federal,2026-09-04
Clinical Laboratory Scientist,Veterans Health Administration,Spokane,WA,0,federal,2026-09-04
"Clinical Laboratory Scientist - Generalist, Multiple Shifts",Veterans Health Administration,Cleveland,OH,0,federal,2026-09-04
Clinical Laboratory Scientist (Generalist),Veterans Health Administration,Las Vegas,NV,0,federal,2026-09-04
Clinical Laboratory Scientist - Microbiology,Veterans Health Administration,Fayetteville,AR,0,federal,2026-09-03
Clinical Laboratory Scientist,Veterans Health Administration,Eglin AFB,FL,0,federal,2026-09-03
Clinical Laboratory Scientist,Veterans Health Administration,Erie,PA,0,federal,2026-09-02
Clinical Laboratory Scientist,Veterans Health Administration,Wilmington,DE,0,federal,2026-09-02
Data Scientist,Office of the Director of National Intelligence,McLean,VA,0,federal,2026-09-02
Data Scientist,Citizenship and Immigration Services,Camp Springs,MD,0,federal,2026-09-01
Pathways Recent Graduate Economist/Statistician/Data Scientist,Railroad Retirement Board,Chicago,IL,0,federal,2026-09-01
Data Scientist,Federal Energy Regulatory Commission,Washington,DC,0,federal,2026-08-31
Clinical Laboratory Scientist,Veterans Health Administration,Syracuse,NY,0,federal,2026-08-31
Summer 2027 College Internship - Analysis Career Field,National Geospatial-Intelligence Agency,Saint Louis,MO,0,internship,2026-08-31
Management and Program Analyst,Bonneville Power Administration,Vancouver,WA,0,federal,2026-09-04
Management and Program Analyst,Defense Logistics Agency,Fort Sam Houston,TX,0,federal,2026-09-04
FINANCIAL MANAGEMENT ANALYST,Air National Guard Units,Forbes AFB,KS,0,federal,2026-09-04
Management and Program Analyst,Veterans Health Administration,Nashville,TN,0,federal,2026-09-04
Trade and Industry Analyst,Bureau of Industry and Security,Washington,DC,0,federal,2026-09-04
Program Analyst,Veterans Health Administration,Orlando,FL,0,federal,2026-09-04
Financial Systems & Procedures Analyst,Veterans Health Administration,Mather AFB,CA,0,federal,2026-09-04
Program Analyst,National Highway Traffic Safety Administration,Washington,DC,0,federal,2026-09-04
"Financial Management Analyst, CG-0501-11",Federal Deposit Insurance Corporation,Washington,DC,0,federal,2026-09-04
Program Analyst,Veterans Health Administration,Louisville,KY,0,federal,2026-09-04
Management and Program Analyst,Food and Drug Administration,Silver Spring,MD,0,federal,2026-09-04
Management and Program Analyst,Veterans Health Administration,Long Beach,CA,0,federal,2026-09-04
Management and Program Analyst,Veterans Health Administration,Washington,DC,0,federal,2026-09-04
Financial Management Analyst,Military Treatment Facilities under DHA,Naval Medical Center,VA,0,federal,2026-09-04
Management and Program Analyst,Animal and Plant Health Inspection Service,Phoenix,AZ,0,federal,2026-09-04
Management and Program Analyst,Internal Revenue Service,Fresno,CA,0,federal,2026-09-04
PROCUREMENT ANALYST,Naval Supply Systems Command,Mechanicsburg,PA,0,federal,2026-09-04
County Program Analyst,Farm Service Agency,Scarborough,ME,0,federal,2026-09-04
BUDGET ANALYST,Air Education and Training Command,Maxwell AFB,AL,0,federal,2026-09-04
BUDGET ANALYST,Air Mobility Command,McConnell AFB,KS,0,federal,2026-09-04
Budget Analyst,Military Treatment Facilities under DHA,Hill AFB,UT,0,federal,2026-09-04
Budget Formulation and Execution Analyst,Bureau of the Fiscal Service,Washington,DC,0,federal,2026-09-04
Budget Analyst,Customs and Border Protection,Washington,DC,0,federal,2026-09-04
Program Analyst,Federal Emergency Management Agency,Emmitsburg,MD,0,federal,2026-09-04
Program Analyst,Veterans Health Administration,Honolulu,HI,0,federal,2026-09-03
Management Analyst,Federal Emergency Management Agency,Philadelphia,PA,0,federal,2026-09-03
Management and Program Analyst,National Park Service,Harrison,AR,0,federal,2026-09-03
FINANCIAL MANAGEMENT ANALYST,Air National Guard Units,Belle Chasse,LA,0,federal,2026-09-03
Management Analyst,Bureau of Prisons/Federal Prison System,Washington,DC,0,federal,2026-09-03
FINANCIAL MANAGEMENT ANALYST (Title 32),Air National Guard Units,East Granby,CT,0,federal,2026-09-03
Program and Management Analyst,U.S. Army Communications Electronics Command,Aberdeen Proving Ground,MD,0,federal,2026-09-03
Management and Program Analyst (Charging Ahead Analyst),Internal Revenue Service,Kansas City,MO,0,federal,2026-09-03
MANAGEMENT ANALYST,Naval Sea Systems Command,Naval Base,VA,0,federal,2026-09-03
Management & Program Analyst,Veterans Health Administration,Murfreesboro,TN,0,federal,2026-09-03
MANAGEMENT & PROGRAM ANALYST,United States Fleet Forces Command,Kittery,ME,0,federal,2026-09-03
MANAGEMENT ANALYST,Air Mobility Command,McGuire AFB,NJ,0,federal,2026-09-03
FINANCIAL MANAGEMENT ANALYST,United States Fleet Forces Command,Suffolk,VA,0,federal,2026-09-03
Management and Program Analyst,Customs and Border Protection,Indianapolis,IN,0,federal,2026-09-03
Health System Specialist,Veterans Health Administration,Orlando,FL,0,federal,2026-09-03
Management and Program Analyst,Department of State Headquarters,Washington,DC,0,federal,2026-09-03
Financial Management Analyst,Defense Health Agency,Fort Sam Houston,TX,0,federal,2026-09-03
Budget Analyst,Centers for Medicare & Medicaid Services,Woodlawn,MD,0,federal,2026-09-03
IT Specialist (System Administration),Military Treatment Facilities under DHA,Bethesda,MD,0,federal,2026-09-05
Medical Records Technician (Coder) Auditor,Veterans Health Administration,San Diego,CA,0,federal,2026-09-04
IT SPECIALIST (ENTARCH) (TITLE 32),Air National Guard Units,Chattanooga,TN,0,federal,2026-09-04
Physical Security Specialist,U.S. Army Corps of Engineers,Annapolis Junction,MD,0,federal,2026-09-04
Clinical Laboratory Scientist - EDRP Approved,Veterans Health Administration,Temple,TX,0,federal,2026-09-04
IT Specialist (Network),U.S. Army Cyber Command,Adams County,PA,0,federal,2026-09-04
IT SPECIALIST (SYSADMIN),U.S. Army Cyber Command,Adams County,PA,0,federal,2026-09-04
IT Specialist (APPSW),Defense Information Systems Agency,Montgomery,AL,0,federal,2026-09-04
IT CYBERSECURITY SPECIALIST (INFOSEC),Military Sealift Command,Naval Base,VA,0,federal,2026-09-04
IT CYBERSECURITY SPECIALIST (INFOSEC),Defense Finance and Accounting Service,Indianapolis,IN,0,federal,2026-09-04
Information Technology Specialist (Policy and Planning),U.S. Army Cyber Command,Fort Shafter,HI,0,federal,2026-09-04
Security Specialist,Peace Corps,Washington,DC,0,federal,2026-09-04
SUPV ITSPEC (NETWORK SERVICES/SYSTEMS ADMINISTRATION),ARMY TRANSPORTATION,Naha,NA,0,federal,2026-09-04
IT Specialist (SYSANALYSIS),Defense Logistics Agency,Battle Creek,MI,0,federal,2026-09-03
"IT SPECIALIST (NETWORK) (MERIT, T32)",Army National Guard Units,Camp Ripley,MN,0,federal,2026-09-03
IT Specialist,Deputy Assistant Secretary for Information and Technology,Phoenix,AZ,0,federal,2026-09-03
Information Technology Cybersecurity Specialist (System Administration),U.S. Army Communications Electronics Command,Tobyhanna,PA,0,federal,2026-09-03
MRT(Coder) Auditor,Veterans Health Administration,Syracuse,NY,0,federal,2026-09-03
MRT (Coder)Auditor,Veterans Health Administration,Syracuse,NY,0,federal,2026-09-03
IT Specialist (Policy and Planning),Military Treatment Facilities under DHA,Oak Harbor,WA,0,federal,2026-09-03
Information Technology Specialist,Executive Office for U.S. Attorneys and the Office of the U.S. Attorneys,Philadelphia,PA,0,federal,2026-09-03
Information Technology Specialist (Security),U.S. Army Joint Munitions Command,McAlester,OK,0,federal,2026-09-03
Information Technology Specialist (Network),U.S. Army Communications Electronics Command,Tobyhanna,PA,0,federal,2026-09-03
IT Liaison,Federal Retirement Thrift Investment Board,Washington,DC,0,federal,2026-09-04
Intelligence Specialist (Operations),ARMY TRANSPORTATION,Scott AFB,IL,0,federal,2026-09-04
Al Software Engineer,Technology Transformation Service,San Francisco,CA,0,federal,2026-09-04
Unmanned Aircraft Systems (UAS) Security Specialist,Cybersecurity and Infrastructure Security Agency,Arlington,VA,0,federal,2026-09-03
Security Specialist-Direct Hire Authority,Air Force Materiel Command,Edwards AFB,CA,0,federal,2026-09-03
IT Specialist-(System Administrator/Customer Support),Deputy Assistant Secretary for Information and Technology,Austin,TX,0,federal,2026-09-02
Unmanned Aircraft Systems (UAS) Security Specialist,Cybersecurity and Infrastructure Security Agency,Phoenix,AZ,0,federal,2026-09-03
IT Specialist (Operation Systems),Deputy Assistant Secretary for Information and Technology,Chelmsford,MA,0,federal,2026-09-02
IT Specialist,Deputy Assistant Secretary for Information and Technology,Austin,TX,0,federal,2026-09-02
IT SPECIALIST (NETWORK/CUSTSPT),Department of the Air Force Headquarters,Goodfellow AFB,TX,0,federal,2026-09-02
Information Technology Specialist (INFOSEC/SYSADMIN),Department of the Air Force Headquarters,Ellsworth AFB,SD,0,federal,2026-09-01
General Engineer/Scientist (NRAN),Nuclear Regulatory Commission,Rockville,MD,0,federal,2026-09-01
Intelligence Research Specialist,Executive Office for U.S. Attorneys and the Office of the U.S. Attorneys,Phoenix,AZ,0,federal,2026-09-04
Transportation Security Officer,Transportation Security Administration,Warwick,RI,0,federal,2026-09-04
Transportation Security Officer,Transportation Security Administration,Boise,ID,0,federal,2026-09-04
Transportation Security Officer,Transportation Security Administration,Melbourne,FL,0,federal,2026-09-04
Diagnostic Radiologic Technologist-Picture Archive Communication System (PACS),Veterans Health Administration,Oklahoma City,OK,0,federal,2026-09-04
Transportation Security Officer,Transportation Security Administration,Watertown,SD,0,federal,2026-09-04
Transportation Security Officer,Transportation Security Administration,Chattanooga,TN,0,federal,2026-09-04
SECURITY SPECIALIST (PROTECTION)-TITLE 32,Army National Guard Units,Frankfort,KY,0,federal,2026-09-04
Transportation Security Officer,Transportation Security Administration,Portland,ME,0,federal,2026-09-04
Security Assistant,Veterans Health Administration,Las Vegas,NV,0,federal,2026-09-04
Security Specialist,Washington Headquarters Services,Alexandria,VA,0,federal,2026-09-04
SECURITY SPECIALIST,Department of the Air Force Headquarters,Aviano,NA,0,federal,2026-09-04
SECURITY SPECIALIST,Naval Air Systems Command,Point Mugu,CA,0,federal,2026-09-04
Security Assistant,Veterans Health Administration,Tucson,AZ,0,federal,2026-09-04
Law Enforcement Information Systems Specialist,Customs and Border Protection,Aguadilla,NA,0,federal,2026-09-04
Survey Statistician,National Agricultural Statistics Service,Olivette,MO,0,federal,2026-09-02
Intelligence Operations Specialist (Reports Officer),Customs and Border Protection,Laredo,TX,0,federal,2026-09-04
Mathematical Statistician,National Agricultural Statistics Service,Olivette,MO,0,federal,2026-09-02
Auditor (Performance),Office of Inspector General,Washington,DC,0,federal,2026-09-02
Auditor (Financial),Office of Inspector General,Sacramento,CA,0,federal,2026-09-02
Financial Auditor,Veterans Health Administration,Orlando,FL,0,federal,2026-09-02
FINANCIAL MANAGEMENT STUDENT TRAINEE (AUDITING),Defense Counterintelligence and Security Agency,Boyers,PA,0,federal,2026-09-01
DATA ANALYTICS SPECIALIST,Army National Guard Units,Havre de Grace,MD,0,federal,2026-09-11
STUDENT TRAINEE (MANAGEMENT & PROGRAM ANALYST),Defense Security Cooperation Agency,Wright-Patterson AFB,OH,0,federal,2026-09-11
Program Analyst (TCF Intern),Veterans Health Administration,Lexington,KY,0,federal,2026-09-11
Program Analyst,Centers for Medicare & Medicaid Services,Woodlawn,MD,0,federal,2026-09-11
Management and Program Analyst,Citizenship and Immigration Services,Salt Lake City,UT,0,federal,2026-09-11
Public Notice - Information Technology Specialist (Direct Hire),Langley Research Center,Hampton,VA,0,federal,2026-09-11
Auditor,Animal and Plant Health Inspection Service,Fort Collins,CO,0,federal,2026-09-11
Data Scientist - AI Engineer,"Office of the Inspector General, USPS",Bethesda,MD,0,federal,2026-09-10
Health System Specialist,Veterans Health Administration,Anchorage,AK,0,federal,2026-09-10
Health System Specialist,Veterans Health Administration,West Haven,CT,0,federal,2026-09-10
Management and Program Analyst (Managerial Cost Accounting/Decision Support System),Veterans Health Administration,Bay Pines,FL,0,federal,2026-09-10
Program Analyst (Data Analyst),Customs and Border Protection,Washington,DC,0,federal,2026-09-09
Health System Specialist (Regional Health System Specialist),Bureau of Prisons/Federal Prison System,Kansas City,KS,0,federal,2026-09-09
DATA ANALYTICS SPECIALIST,Army National Guard Units,Augusta,ME,0,federal,2026-09-08
Information Technology Specialist (Security),Administrative Office of the U.S. Courts,Washington,DC,0,federal,2026-09-09
Clinical Laboratory Scientist (Technical Specialist) - Microbiology,Veterans Health Administration,San Diego,CA,0,federal,2026-09-11
Clinical Laboratory Scientist (Regional Technical Specialist),Veterans Health Administration,Tampa,FL,0,federal,2026-09-11
DATA SCIENTIST,Office of the Chief Information Officer,Los Angeles,CA,0,federal,2026-09-09
Clinical Laboratory Scientist (Hematology/Blood Bank),Veterans Health Administration,Phoenix,AZ,0,federal,2026-09-11
Clinical Laboratory Scientist,Military Treatment Facilities under DHA,Minot AFB,ND,0,federal,2026-09-10
Clinical Laboratory Scientist,Veterans Health Administration,Augusta,ME,0,federal,2026-09-09
ENGINEER/SCIENTIST,Naval Sea Systems Command,Dahlgren,VA,0,federal,2026-09-09
Data Scientist (Recent Graduate),Federal Energy Regulatory Commission,District of Columbia,DC,0,federal,2026-09-08
Clinical Laboratory Scientist - Blood Bank/Hematology/Infusion Lab,Veterans Health Administration,Cleveland,OH,0,federal,2026-09-08
Clinical Laboratory Scientist,Veterans Health Administration,Knoxville,TN,0,federal,2026-09-08
Clinical Laboratory Scientist,Veterans Health Administration,Castle Point,NY,0,federal,2026-08-31
Clinical Lab Scientist,Veterans Health Administration,Salisbury,NC,0,federal,2026-08-26
Procurement Analyst,"Executive Director, Office of Acquisition, Logistics and Construction",Eatontown,NJ,0,federal,2026-09-11
IT SPECIALIST (CUSTOMER SUPPORT) (TITLE 32),Army National Guard Units,Whiteman AFB,MO,0,federal,2026-09-11
Management and Program Analyst,Defense Logistics Agency,Whitehall,OH,0,federal,2026-09-11
IT SPEC (PLCYPLN),Air National Guard Units,Portland,OR,0,federal,2026-09-11
MANAGEMENT ANALYST,Air National Guard Units,Meridian,MS,0,federal,2026-09-11
Health System Specialist,Veterans Health Administration,Miami,FL,0,federal,2026-09-11
Health System Specialist (Performance Measures Coordinator),Veterans Health Administration,San Antonio,TX,0,federal,2026-09-11
IT SPECIALIST (SYSTEMS ANALYSIS),Air National Guard Units,Belle Chasse,LA,0,federal,2026-09-11
Construction Analyst,Veterans Benefits Administration,Denver,CO,0,federal,2026-09-11
BUDGET ANALYST,Defense Threat Reduction Agency,Fort Belvoir,VA,0,federal,2026-09-11
Management and Program Analyst,Citizenship and Immigration Services,Lees Summit,MO,0,federal,2026-09-11
Budget Analyst,"Joint Services and Activities Supported by the Office, Secretary of the Army",Fort Belvoir,VA,0,federal,2026-09-11
Management and Program Analyst,Defense Logistics Agency,Battle Creek,MI,0,federal,2026-09-11
Management Analyst,Deputy Assistant Secretary for Information and Technology,Washington,DC,0,federal,2026-09-11
Management and Program Analyst,Bonneville Power Administration,Vancouver,WA,0,federal,2026-09-11
MANAGEMENT & PROGRAM ANALYST,Immediate Office of the Chief of Naval Operations,Washington Navy Yard,DC,0,federal,2026-09-11
Management Analyst,Defense Health Agency,Fort Gordon,GA,0,federal,2026-09-11
MANAGEMENT ANALYST,"Headquarters, Air Force Reserve Command",Robins AFB,GA,0,federal,2026-09-11
Management Analyst,U.S. Army Corps of Engineers,Walla Walla,WA,0,federal,2026-09-11
MANAGEMENT ANALYST,Air Force District of Washington,Joint Base Anacostia-Bolling,DC,0,federal,2026-09-11
FINANCIAL MANAGEMENT ANALYST,Naval Sea Systems Command,Washington Navy Yard,DC,0,federal,2026-09-11
Emergency Management Specialist (Risk Analyst),Federal Emergency Management Agency,Washington,DC,0,federal,2026-09-11
Program Analyst,U.S. Army Corps of Engineers,San Juan,NA,0,federal,2026-09-11
Management Analyst (Workforce & Labor),Military Treatment Facilities under DHA,Fort Huachuca,AZ,0,federal,2026-09-11
Budget Analyst,Executive Office for U.S. Attorneys and the Office of the U.S. Attorneys,Washington,DC,0,federal,2026-09-11
INFORMATION TECHNOLOGY SPECIALIST (SECURITY),Air Education and Training Command,Sheppard AFB,TX,0,federal,2026-09-11
Budget Analyst,Executive Office for U.S. Attorneys and the Office of the U.S. Attorneys,Honolulu,HI,0,federal,2026-09-11
Administrative Analyst,Administrative Office of the U.S. Courts,Washington,DC,0,federal,2026-09-11
Budget Analyst,U.S. Army Corps of Engineers,Marquette,KS,0,federal,2026-09-11
Management Analyst,U.S. Army Aviation and Missile Command,Chambersburg,PA,0,federal,2026-09-10
CBP Agriculture Specialist (Threat Analyst),Customs and Border Protection,Buffalo,NY,0,federal,2026-09-11
FINANCIAL MANAGEMENT ANALYST -Title 32,Army National Guard Units,Camp Williams,WI,0,federal,2026-09-10
IT SPECIALIST (CUSTSPT) (TITLE 32),Air National Guard Units,Jacksonville,FL,0,federal,2026-09-10
Management Program Analyst,Federal Emergency Management Agency,Washington,DC,0,federal,2026-09-10
Supply Systems Analyst (Title 32) (Indefinite),Army National Guard Units,Richmond,VA,0,federal,2026-09-10
FINANCIAL MANAGEMENT ANALYST,Defense Finance and Accounting Service,Rome,NY,0,federal,2026-09-10
Management Analyst,Joint Activities,Stuttgart,NA,0,federal,2026-09-10
MANAGEMENT ANALYST,Military Sealift Command,Naval Base,VA,0,federal,2026-09-10
FINANCIAL MANAGEMENT ANALYST,Naval Supply Systems Command,Naval Support Activity,PA,0,federal,2026-09-10
FINANCIAL MANAGEMENT ANALYST,U.S. Pacific Fleet,Pearl Harbor,HI,0,federal,2026-09-10
Management Analyst,U.S. Army Cyber Command,Fort Gordon,GA,0,federal,2026-09-10
Biomed Equip Med Spec (Info Systems),Veterans Health Administration,Syracuse,NY,0,federal,2026-09-11
Health System Specialist,Veterans Health Administration,Augusta,ME,0,federal,2026-09-11
IT Specialist,Deputy Assistant Secretary for Information and Technology,Salt Lake City,UT,0,federal,2026-09-11
IT Specialist (SYS/ANALYSIS),Centers for Medicare & Medicaid Services,Philadelphia,PA,0,federal,2026-09-11
IT Specialist (APPSW),Defense Logistics Agency,Battle Creek,MI,0,federal,2026-09-11
IT SPECIALIST (INFOSEC) TITLE 32,Air National Guard Units,Peoria,IL,0,federal,2026-09-11
Information Technology Specialist (Security),Joint Activities,Fort Bragg,NC,0,federal,2026-09-11
IT Specialist (APPSW) - Node-React Full Stack Web Application Developer,Social Security Administration,Woodlawn,MD,0,federal,2026-09-11
Transportation Security Specialist,Transportation Security Administration,Colorado Springs,CO,0,federal,2026-09-11
Health System Specialist - Health Professions Education (HPE) Specialist,Veterans Health Administration,San Francisco,CA,0,federal,2026-09-11
Clinical Laboratory Scientist,Veterans Health Administration,Chillicothe,OH,0,federal,2026-09-11
INFORMATION SECURITY SPECIALIST,Air National Guard Units,March AFB,CA,0,federal,2026-09-11
IT SPECIALIST (CUSTSPT),Air National Guard Units,Bangor,ME,0,federal,2026-09-10
IT Specialist (INFOSEC),Bureau of Prisons/Federal Prison System,Washington,DC,0,federal,2026-09-10
Information Technology Specialist (Customer Support),U.S. Army Intelligence and Security Command,Fort Belvoir,VA,0,federal,2026-09-10
IT CYBERSECURITY SPECIALIST (INFOSEC),Defense Information Systems Agency,Gunter AFB,AL,0,federal,2026-09-10
INFORMATION TECHNOLOGY SPECIALIST (PLCYPLN/SYSANALYSIS),"U.S. Air Forces, Europe",Ramstein,NA,0,federal,2026-09-10
Government Information Specialist,Office of the Inspector General,Washington,DC,0,federal,2026-09-10
INFORMATION TECHNOLOGY SPECIALIST (SYSADMIN/NETWORK),United States Fleet Forces Command,Groton Submarine Base,CT,0,federal,2026-09-10
IT SPECIALIST (INFOSEC),Naval Air Systems Command,Point Mugu,CA,0,federal,2026-09-10
2027 Spring Internship - Information Technology,Supreme Court of the United States,Washington,DC,0,internship,2026-09-12
Public Notice - Information Technology (Direct Hire),Lyndon B. Johnson Space Center,Greenbelt,MD,0,federal,2026-09-11
Public Notice - Information Technology (Direct Hire),George C. Marshall Space Flight Center,Huntsville,AL,0,federal,2026-09-11
Data and AI Risk & Ethics Specialist,Defense Media Activity,Fort Meade,MD,0,federal,2026-09-10
Auditor (Performance) - Performance and Compliance Specialist,Office of the Inspector General,Chicago,IL,0,federal,2026-09-10
IT Specialist (Systems Administration/Customer Support),Military Treatment Facilities under DHA,Fort Carson,CO,0,federal,2026-09-09
IT SPECIALIST (INFOSEC),U.S. Pacific Fleet,Iwakuni,NA,0,federal,2026-09-09
IT CYBERSECURITY SPECIALIST (INFOSEC),Air National Guard Units,Elmendorf AFB,AK,0,federal,2026-09-08
Chinese Multidisciplined Language Analyst/Language Analyst Dev Program (LADP),National Security Agency/Central Security Service,Kunia,HI,0,federal,2026-09-08
System Vulnerability Analyst - Mid to Experienced Level (Maryland),National Security Agency/Central Security Service,Fort Meade,MD,0,federal,2026-09-08
Biomedical Equipment Support Specialist (Information Systems),Veterans Health Administration,Iowa City,IA,0,federal,2026-09-08
IT CYBERSECURITY SPECIALIST (SYSANALYSIS/NETWORK),Air Combat Command,Langley AFB,VA,0,federal,2026-09-08
Security Guard,U.S. Special Operations Command (Army),Fort Campbell,KY,0,federal,2026-09-11
Medical Records Technician - Release Of Information,Veterans Health Administration,Salt Lake City,UT,0,federal,2026-09-11
IT CYBERSECURITY SPECIALIST (APPSW/INFOSEC),Defense Finance and Accounting Service,Indianapolis,IN,0,federal,2026-09-08
MEDICAL RECORDS TECH (Release of Information),Veterans Health Administration,Los Angeles,CA,0,federal,2026-09-11
PHYSICAL SECURITY SPECIALIST,Air National Guard Units,Camp Murray,WA,0,federal,2026-09-11
Transportation Security Officer,Transportation Security Administration,Rapid City,SD,0,federal,2026-09-11
IT SPECIALIST (INFOSEC) (STEM),Defense Intelligence Agency,Washington,DC,0,federal,2026-09-08
Transportation Security Officer,Transportation Security Administration,Montoursville,PA,0,federal,2026-09-11
Engineering Technician (Direct Hire),Lyndon B. Johnson Space Center,Las Cruces,NM,0,federal,2026-09-11
SECURITY SPEC (PORT/RECOVERY),U.S. Coast Guard,Houma,LA,0,federal,2026-09-11
Public Notice  - Engineering Technician (Direct Hire),Langley Research Center,Hampton,VA,0,federal,2026-09-11
Security Assistant,Veterans Health Administration,Cleveland,OH,0,federal,2026-09-11
Personnel Security Assistant,Veterans Health Administration,Madison,WI,0,federal,2026-09-11
Transportation Security Officer,Transportation Security Administration,Savoy,IL,0,federal,2026-09-11
Transportation Security Officer,Transportation Security Administration,Grand Rapids,MI,0,federal,2026-09-11
Public Notice - Security Specialist (Direct Hire),"Headquarters, NASA",Huntsville,AL,0,federal,2026-09-11
Government Information Specialist,Veterans Health Administration,Fayetteville,AR,0,federal,2026-09-11
ACCOUNTANT (SYSTEMS),Defense Finance and Accounting Service,Indianapolis,IN,0,federal,2026-09-10
IT Specialist (SYSADMIN),Defense Information Systems Agency,Fort Meade,MD,0,federal,2026-09-08
Auditor,Forest Service,Albuquerque,NM,0,federal,2026-09-10
IG Auditor/Program Analyst,Central Intelligence Agency,Washington,DC,0,federal,2026-09-01
Health System Specialist,Veterans Health Administration,Cleveland,OH,0,federal,2026-09-18
Health System Specialist,Veterans Health Administration,Charleston,SC,0,federal,2026-09-18
DATA SCIENTIST,Military Sealift Command,Naval Base,VA,0,federal,2026-09-18
OPERATIONS RESEARCH ANALYST,Immediate Office of the Chief of Naval Operations,Naval Base,VA,0,federal,2026-09-18
Program Analyst,Veterans Health Administration,Philadelphia,PA,0,federal,2026-09-17
Data Scientist,Agricultural Marketing Service,Little Rock,AR,0,federal,2026-09-17
Health System Specialist,Veterans Health Administration,Louisville,KY,0,federal,2026-09-17
Management and Program Analyst (MCA/DSS),Veterans Health Administration,Bay Pines,FL,0,federal,2026-09-16
Statistician (Health),Centers for Medicare & Medicaid Services,Woodlawn,MD,0,federal,2026-09-16
Data Scientist,Bureau of Labor Statistics,Suitland,MD,0,federal,2026-09-16
IT Specialist (Data Management),Centers for Medicare & Medicaid Services,Woodlawn,MD,0,federal,2026-09-16
Program Analyst,Federal Acquisition Service,Washington,DC,0,federal,2026-09-16
MANAGEMENT ANALYST,Immediate Office of the Chief of Naval Operations,Pentagon,VA,0,federal,2026-09-16
Management and Program Analyst,Veterans Health Administration,Indianapolis,IN,0,federal,2026-09-15
Geographic Information Systems (GIS) Specialist,Federal Emergency Management Agency,Philadelphia,PA,0,federal,2026-09-16
Health System Specialist,Veterans Health Administration,Syracuse,NY,0,federal,2026-09-15
"Data Specialist, ETM/TMS",Space Force Service Wide Support Activities,San Antonio,TX,0,federal,2026-09-15
General Engineer,Missile Defense Agency,Colorado Springs,CO,0,federal,2026-09-15
Records and Information Management Specialist,Veterans Health Administration,New Orleans,LA,0,federal,2026-09-15
Program Analyst,Veterans Health Administration,Lakewood,CO,0,federal,2026-09-15
GEOINT Hybrid Analyst,National Geospatial-Intelligence Agency,Huntsville,AL,0,federal,2026-09-14
"Cost Analyst, SYD 80/AAF",Space Systems Command,Los Angeles,CA,0,federal,2026-09-15
ENGINEER/SCIENTIST,Naval Sea Systems Command,Port Hueneme,CA,0,federal,2026-09-18
Data Scientist,Geological Survey,Lakewood,CO,0,federal,2026-09-18
Clinical Lab Scientist,Veterans Health Administration,Dayton,OH,0,federal,2026-09-18
Physical Scientist,National Park Service,Homestead,FL,0,federal,2026-09-17
Biological Scientist (Scientific Analyst),Animal and Plant Health Inspection Service,Dorado,NA,0,federal,2026-09-17
Clinical Laboratory Scientist,Veterans Health Administration,Little Rock,AR,0,federal,2026-09-17
Clinical Lab Scientist,Veterans Health Administration,Charleston,SC,0,federal,2026-09-16
Clinical Lab Scientist,Veterans Health Administration,Marion,IL,0,federal,2026-09-16
Data Scientist,Citizenship and Immigration Services,Camp Springs,MD,0,federal,2026-09-15
"Data Scientist, GS-1560-11/12, FPL 12 (DH)",Department of Education Headquarters,San Francisco County,CA,0,federal,2026-09-15
Clinical Laboratory Scientist,Veterans Health Administration,Durham,NC,0,federal,2026-09-14
Clinical Lab Scientist (Intermittent),Veterans Health Administration,Louisville,KY,0,federal,2026-09-14
Gas Metrologist Scientist,National Institute of Standards and Technology,Gaithersburg,MD,0,federal,2026-09-14
Management and Program Analyst,Federal Aviation Administration,Des Moines,WA,0,federal,2026-09-19
PROGRAM ANALYST,U.S. Marine Corps,Stafford,VA,0,federal,2026-09-18
Management Analyst,Bureau of Prisons/Federal Prison System,Washington,DC,0,federal,2026-09-18
Management and Program Analyst,Veterans Health Administration,Fresno,CA,0,federal,2026-09-18
Management Analyst,Veterans Health Administration,Ann Arbor,MI,0,federal,2026-09-18
Supply Systems Analyst,Defense Logistics Agency,Red River Army Depot,TX,0,federal,2026-09-18
Management Analyst,Bureau of Prisons/Federal Prison System,Long Beach,CA,0,federal,2026-09-18
MANAGEMENT AND PROGRAM ANALYST,Air Mobility Command,Portland,OR,0,federal,2026-09-18
COST ANALYST,"Air Force Elements, U.S. Transportation Command",Scott AFB,IL,0,federal,2026-09-18
Management Analyst (Scheduler),U.S. Coast Guard,Curtis Bay,MD,0,federal,2026-09-18
Budget Analyst,Veterans Health Administration,Salisbury,NC,0,federal,2026-09-18
Management and Program Analyst,Defense Logistics Agency,Battle Creek,MI,0,federal,2026-09-18
Management & Program Analyst,Veterans Benefits Administration,Portland,OR,0,federal,2026-09-18
FINANCIAL MANAGEMENT ANALYST,United States Fleet Forces Command,Kittery,ME,0,federal,2026-09-18
MANAGEMENT ANALYST,"Headquarters, Air Force Reserve Command",Robins AFB,GA,0,federal,2026-09-18
Management & Program Analyst,Internal Revenue Service,Anchorage,AK,0,federal,2026-09-18
MANAGEMENT AND PROGRAM ANALYST,"Headquarters, Air Force Reserve Command",Minneapolis,MN,0,federal,2026-09-18
Management and Program Analyst,National Park Service,Greeneville,TN,0,federal,2026-09-18
Management and Program Analyst,Customs and Border Protection,Washington,DC,0,federal,2026-09-18
Management and Program Analyst,Internal Revenue Service,Fresno,CA,0,federal,2026-09-18
Management and Program Analyst,Federal Aviation Administration,Tutuila Island,NA,0,federal,2026-09-18
Program Analyst,National Nuclear Security Administration,Albuquerque,NM,0,federal,2026-09-18
PROGRAM ANALYST,Naval Air Systems Command,Patuxent River,MD,0,federal,2026-09-18
Budget Analyst,Veterans Health Administration,San Diego,CA,0,federal,2026-09-18
Budget Analyst-Direct Hire Authority,Air Force Materiel Command,Edwards AFB,CA,0,federal,2026-09-18
Program Analyst,Government Publishing Office,Washington,DC,0,federal,2026-09-18
Management Analyst NF-04,Defense Logistics Agency,Richmond,VA,0,federal,2026-09-17
Program Analyst,"Interior, Bureau of Indian Affairs",New Town,ND,0,federal,2026-09-17
FINANCIAL MANAGEMENT ANALYST,Air National Guard Units,McConnell AFB,KS,0,federal,2026-09-17
Program Analyst (Informatics),Veterans Health Administration,Iowa City,IA,0,federal,2026-09-17
SUPPLY SYSTEMS ANALYST- TITLE 5,Army National Guard Units,Marietta,GA,0,federal,2026-09-18
Operations Research Analyst,Defense Contract Management Agency,Tucson,AZ,0,federal,2026-09-17
BUDGET ANALYST,"Air Force Elements, U.S. Transportation Command",Scott AFB,IL,0,federal,2026-09-17
MANAGEMENT ANALYST,Army National Guard Units,Colchester,VT,0,federal,2026-09-17
Budget Analyst,Veterans Health Administration,Bronx,NY,0,federal,2026-09-17
Systems Program Analyst,Veterans Health Administration,Salt Lake City,UT,0,federal,2026-09-17
Management and Program Analyst (Wildland Fire),Office of the Secretary of the Interior,Las Cruces,NM,0,federal,2026-09-17
Management and Program Analyst,Defense Logistics Agency,Barstow,CA,0,federal,2026-09-17
Travel Business Analyst,Federal Acquisition Service,San Francisco,CA,0,federal,2026-09-17
IT CYBERSECURITY SPECIALIST (INFOSEC) (T32),Air National Guard Units,Duluth,MN,0,federal,2026-09-17
Management and Program Analyst,Architect of the Capitol,Washington,DC,0,federal,2026-09-17
Cartographer (Geographic Information Systems),Customs and Border Protection,El Paso,TX,0,federal,2026-09-17
IT SPECIALIST (CUSTSPT) (T32),Air National Guard Units,Montgomery,AL,0,federal,2026-09-17
IT SPECIALIST (PLCYPLN) (Title 32),Air National Guard Units,Federal Medical Center Carswell,TX,0,federal,2026-09-19
Records and Information Management Specialist,Commodity Futures Trading Commission,Washington,DC,0,federal,2026-09-18
Medical Records Technician (CODER AUDITOR) INPATIENT/OUTPATIENT,Veterans Health Administration,Los Angeles,CA,0,federal,2026-09-18
Information Technology Specialist,"Commander, Navy Installations Command",Dahlgren,VA,0,federal,2026-09-18
IT Specialist (SYS/ANALYSIS),Centers for Medicare & Medicaid Services,Philadelphia,PA,0,federal,2026-09-18
Health System Specialist - Health Professions Education (HPE) Specialist,Veterans Health Administration,Bath,NY,0,federal,2026-09-18
IT Cybersecurity Specialist (INFOSEC),Deputy Assistant Secretary for Information and Technology,Martinsburg,WV,0,federal,2026-09-18
Biomedical Equipment Support Specialist (Information Systems),Veterans Health Administration,Fargo,ND,0,federal,2026-09-18
IT SPECIALIST (APPSW/INFOSEC),Naval Air Systems Command,Cecil Field,FL,0,federal,2026-09-18
IT SPECIALIST (NETWORK),U.S. Army Communications Electronics Command,Fort Detrick,MD,0,federal,2026-09-18
IT Specialist (INFOSEC),Joint Activities,Key West,FL,0,federal,2026-09-18
Clinical Lab Scientist (Education Coordinator),Veterans Health Administration,Salisbury,NC,0,federal,2026-09-18
Information Technology Specialist (Customer Support),U.S. Military Entrance Processing Command,Shreveport,LA,0,federal,2026-09-18
Information Technologist Specialist (INFOSEC),Centers for Medicare & Medicaid Services,Woodlawn,MD,0,federal,2026-09-18
IT SPECIALIST (NETWORK/SYSADMIN),U.S. Army Corps of Engineers,Zama,NA,0,federal,2026-09-17
IT Specialist (Data Management),U.S. Army Corps of Engineers,Portland,OR,0,federal,2026-09-17
IT Cybersecurity Specialist (Applications Software/SYSADMIN),U.S. Coast Guard,Washington,DC,0,federal,2026-09-17
Clinical Lab Scientist (Technical Specialist),Veterans Health Administration,Leeds,MA,0,federal,2026-09-17
INFORMATION TECHNOLOGY SPECIALIST,Air Combat Command,Moody AFB,GA,0,federal,2026-09-17
Information Technology Specialist (System Analysis/Network Services),U.S. Army Cyber Command,Hohenfels,NA,0,federal,2026-09-17
Diagnostic Radiologic Technologist,Veterans Health Administration,Brownwood,TX,0,federal,2026-09-18
Information Technology Specialist (POLICY AND PLANNING),U.S. Army Cyber Command,Fort Shafter,HI,0,federal,2026-09-17
Auditor (Performance),Office of the Inspector General,Denver,CO,0,federal,2026-09-17
Computer Engineer (Cybersecurity),Bureau of Industry and Security,Washington,DC,0,federal,2026-09-17
Developmental- Associate Cybersecurity Specialist,DHS Headquarters,Chandler,AZ,0,federal,2026-09-17
Biomedical Equipment Support Specialist (Information Systems),Veterans Health Administration,Richmond,VA,0,federal,2026-09-17
Information Technology Specialist (SYSADMIN/ENTARCH),U.S. Army Joint Munitions Command,McAlester,OK,0,federal,2026-09-16
Security Specialist,United States Army Installation Management Command,Fort Sill,OK,0,federal,2026-09-16
Digital Network Exploitation Analyst - Mid Level (Maryland),National Security Agency/Central Security Service,Fort Meade,MD,0,federal,2026-09-16
Network Systems Officer  Entry Level,National Security Agency/Central Security Service,Fort Gordon,GA,0,federal,2026-09-16
Engineer/Developer - (Capabilities Development Specialist) - Mid to Expert Level,National Security Agency/Central Security Service,Denver,CO,0,federal,2026-09-16
IT CYBERSECURITY SPECIALIST (APPSW/INFOSEC),Defense Finance and Accounting Service,Indianapolis,IN,0,federal,2026-09-16
IT Specialist (Security),Federal Aviation Administration,Oklahoma City,OK,0,federal,2026-09-16
INFORMATION TECHNOLOGY SPECIALIST (INFOSEC),Pacific Air Forces,Eielson AFB,AK,0,federal,2026-09-16
IT SPECIALIST (INFOSEC),Naval Sea Systems Command,Crane,IN,0,federal,2026-09-16
Information Technology Specialist (Customer Support),U.S. Army Cyber Command,PYEONGTAEK,NA,0,federal,2026-09-16
Information Technology Specialist (INTERNET/DATA MANAGEMENT),U.S. Army Cyber Command,Schofield Barracks,HI,0,federal,2026-09-16
Cybersecurity Information Technology Specialist,Cybersecurity and Infrastructure Security Agency,Arlington,VA,0,federal,2026-09-15
Auditor (Performance),Office of the Inspector General,San Francisco,CA,0,federal,2026-09-15
INFORMATION TECHNOLOGY SPECIALIST (INFOSEC),"Air Force Elements, U.S. Central Command",MacDill AFB,FL,0,federal,2026-09-15
INFORMATION TECHNOLOGY CYBER SECURITY SPECIALIST,Air Force Global Strike Command,Ellsworth AFB,SD,0,federal,2026-09-15
IT SPECIALIST (PLCYPLN) TITLE 5 PERMANENT,Army National Guard Units,Concord,NH,0,federal,2026-09-15
IT Specialist,Deputy Assistant Secretary for Information and Technology,Austin,TX,0,federal,2026-09-15
IT Specialist (INFOSEC),U.S. Army Cyber Command,Adams County,PA,0,federal,2026-09-15
Financial Analyst,Air Force Services Agency,Kelly AFB,TX,0,federal,2026-09-18
INFORMATION TECHNOLOGY SPECIALIST (APPSW/DATAMGT),Air Force Historical Research Agency,Maxwell AFB,AL,0,federal,2026-09-15
Security Specialist,National Nuclear Security Administration,Schenectady,NY,0,federal,2026-09-18
SECURITY SPECIALIST (TRAINING SPECIALIST)(T32),Air National Guard Units,Birmingham,AL,0,federal,2026-09-18
Transportation Security Officer,Transportation Security Administration,Raleigh,NC,0,federal,2026-09-18
INTELLIGENCE OPERATIONS SPECIALIST (Title 32),Air National Guard Units,Fort Smith,AR,0,federal,2026-09-18
Transportation Security Officer,Transportation Security Administration,Tulsa,OK,0,federal,2026-09-18
SECURITY SPECIALIST,Army National Guard Units,Carson City,NV,0,federal,2026-09-18
Intelligence Analysis Development Program (IADP) - Entry to Mid Level (MD HI GA),National Security Agency/Central Security Service,Fort Gordon,GA,0,federal,2026-09-18
SECURITY SPECIALIST,Uniformed Services University of the Health Sciences,Bethesda,MD,0,federal,2026-09-18
Security Assistant,Veterans Health Administration,Salt Lake City,UT,0,federal,2026-09-18
Security Programs Specialist,House of Representatives,Washington,DC,0,federal,2026-09-18
General Engineer (Direct Hire),Goddard Space Flight Center,Wallops Island,VA,0,federal,2026-09-18
Public Notice - Engineering (Direct Hire),George C. Marshall Space Flight Center,Huntsville,AL,0,federal,2026-09-18
SECURITY SPECIALIST,Air Education and Training Command,Lackland AFB,TX,0,federal,2026-09-18
Public Notice - Operations Research Analyst (Direct Hire),George C. Marshall Space Flight Center,Huntsville,AL,0,federal,2026-09-18
Auditor (Pathways Recent Graduate),National Labor Relations Board,Washington,DC,0,federal,2026-09-18
Statistician,National Institutes of Health,Montgomery County,MD,0,federal,2026-09-17
Medical Records Technician (Coder) Auditor,Veterans Health Administration,Fargo,ND,0,federal,2026-09-14
Financial Management Analyst (Data Analytics),U.S. Army Aviation and Missile Command,Redstone Arsenal,AL,0,federal,2026-09-25
Data Scientist,Office of Personnel Management,Lakewood,CO,0,federal,2026-09-24
ACCOUNTANT (SYSTEMS),United States Fleet Forces Command,Suffolk,VA,0,federal,2026-09-24
Signals Analyst - Mid to Experienced Level,National Security Agency/Central Security Service,Denver,CO,0,federal,2026-09-24
Records and Information Management Specialist,Centers for Medicare & Medicaid Services,Woodlawn,MD,0,federal,2026-09-23
International Trade Analyst,Customs and Border Protection,Washington,DC,0,federal,2026-09-23
IT Specialist,Deputy Assistant Secretary for Information and Technology,Salt Lake City,UT,0,federal,2026-09-23
Operations Research Analyst,Federal Aviation Administration,Vint Hill Farms Military Installation,VA,0,federal,2026-09-22
Software Engineer - Mid to Experienced Level (MD/TX),National Security Agency/Central Security Service,Fort Meade,MD,0,federal,2026-09-21
FINANCIAL MANAGEMENT ANALYST (DATA ANALYTICS),Defense Finance and Accounting Service,Kaiserslautern,NA,0,federal,2026-09-21
Program Analyst (Informatics),Veterans Health Administration,Lexington,KY,0,federal,2026-09-21
Clinical Laboratory Scientist - Generalist,Veterans Health Administration,Atlanta,GA,0,federal,2026-09-25
Clinical Lab Scientist- Chemistry,Veterans Health Administration,Miami,FL,0,federal,2026-09-25
Data Scientist,Immigration and Customs Enforcement,Washington,DC,0,federal,2026-09-25
Clinical Laboratory Scientist,Veterans Health Administration,Oklahoma City,OK,0,federal,2026-09-25
Interdisciplinary General Engineer (Recent Graduate),Department of Energy Headquarters,Albany,OR,0,federal,2026-09-25
Clinical Laboratory Scientist,Veterans Health Administration,Shreveport,LA,0,federal,2026-09-24
Clinical Laboratory Scientist - Evening/Nights/Weekend Team,Veterans Health Administration,New Orleans,LA,0,federal,2026-09-24
Interdisciplinary Physical Scientist/Chemist,Mine Safety and Health Administration,South Park,PA,0,federal,2026-09-24
Data Analyst Student Intern (Student Volunteer) (Spring 2027),Executive Office for U.S. Attorneys and the Office of the U.S. Attorneys,Washington,DC,0,internship,2026-09-24
Biologist Scientist Administrator (Scientific Review Officer),National Institutes of Health,Montgomery County,MD,0,federal,2026-09-24
ENGINEER/SCIENTIST,Naval Sea Systems Command,Naval Base Newport,RI,0,federal,2026-09-24
Clinical Lab Scientist,Veterans Health Administration,Durham,NC,0,federal,2026-09-23
Clinical Laboratory Scientist,Veterans Health Administration,Detroit,MI,0,federal,2026-09-23
Clinical Lab Scientist,Veterans Health Administration,Portland,OR,0,federal,2026-09-22
Computer Scientist,Federal Aviation Administration,Atlantic City,NJ,0,federal,2026-09-23
Clinical Laboratory Scientist (Generalist),Veterans Health Administration,Albany,NY,0,federal,2026-09-22
Clinical Lab Scientist,Veterans Health Administration,Cleveland,OH,0,federal,2026-09-22
Computer Scientist,National Oceanic and Atmospheric Administration,Washington,DC,0,federal,2026-09-22
Physical Scientist,Geological Survey,Anchorage,AK,0,federal,2026-09-21
Management and Program Analyst,Federal Aviation Administration,Orlando,FL,0,federal,2026-09-26
Management and Program Analyst (Technical Support Management Specialist),Federal Aviation Administration,Hampton,GA,0,federal,2026-09-26
Management and Program Analyst,Military Treatment Facilities under DHA,Bethesda,MD,0,federal,2026-09-26
Program Analyst,Veterans Health Administration,Lakewood,CO,0,federal,2026-09-25
IT SPECIALIST (NETWORK/SYSADMIN),Army National Guard Units,Helena,MT,0,federal,2026-09-25
Management Analyst NF-04,United States Army Installation Management Command,Fort Hood,TX,0,federal,2026-09-25
Management and Program Analyst,Internal Revenue Service,Kansas City,MO,0,federal,2026-09-25
Management and Program Analyst,U.S. Special Operations Command (Army),Fort Bragg,NC,0,federal,2026-09-25
Management Analyst,Veterans Benefits Administration,Reno,NV,0,federal,2026-09-25
Program Analyst,Veterans Health Administration,Saint Louis,MO,0,federal,2026-09-25
Program Analyst (Informatics) - Specialty Care,Veterans Health Administration,Des Moines,IA,0,federal,2026-09-25
Program Analyst (Informatics) - Surgical Care,Veterans Health Administration,Des Moines,IA,0,federal,2026-09-25
PROGRAM ANALYST (2 Vacancies),Army National Guard Units,Camp Dodge Military Reservation,IA,0,federal,2026-09-25
Financial Analyst,"Commander, Navy Installations Command",Millington,TN,0,federal,2026-09-25
Management and Program Analyst,Internal Revenue Service,Chamblee,GA,0,federal,2026-09-25
Management and Program Analyst,Veterans Health Administration,Long Beach,CA,0,federal,2026-09-25
Management Analyst,Veterans Benefits Administration,Lincoln,NE,0,federal,2026-09-25
Budget Analyst,Federal Emergency Management Agency,Washington,DC,0,federal,2026-09-25
Management and Program Analyst,Internal Revenue Service,Anchorage,AK,0,federal,2026-09-25
Budget Analyst,Military Treatment Facilities under DHA,Fort Gordon,GA,0,federal,2026-09-25
Management Analyst NF-04,Defense Logistics Agency,Richmond,VA,0,federal,2026-09-25
BUDGET ANALYST,"Headquarters, Air Force Reserve Command",Fort Worth,TX,0,federal,2026-09-25
Management Analyst,Occupational Safety and Health Administration,Naperville,IL,0,federal,2026-09-25
FINANCIAL MANAGEMENT ANALYST,Naval Sea Systems Command,Naval Base,VA,0,federal,2026-09-25
Management Analyst,Veterans Benefits Administration,Phoenix,AZ,0,federal,2026-09-25
Management and Program Analyst,Animal and Plant Health Inspection Service,Beltsville,MD,0,federal,2026-09-25
Management and Program Analyst,Immigration and Customs Enforcement,Washington,DC,0,federal,2026-09-25
FINANCIAL MANAGEMENT ANALYST,U.S. Military Entrance Processing Command,North Chicago,IL,0,federal,2026-09-25
Management and Program Analyst,Citizenship and Immigration Services,Camp Springs,MD,0,federal,2026-09-25
Management and Program Analyst,Naval Air Systems Command,Naval Air Station San Diego,CA,0,federal,2026-09-25
Program Analyst,U.S. Army Corps of Engineers,Vicksburg,MS,0,federal,2026-09-25
Budget Analyst,Animal and Plant Health Inspection Service,Fort Collins,CO,0,federal,2026-09-25
"Management and Program Analyst, Workforce Planning",Federal Aviation Administration,College Park,GA,0,federal,2026-09-25
BUDGET ANALYST,United States Space Force,Schriever AFB,CO,0,federal,2026-09-25
Budget Analyst,Veterans Health Administration,Grand Island,NE,0,federal,2026-09-25
Program Analyst,Veterans Health Administration,Honolulu,HI,0,federal,2026-09-24
MANAGEMENT ANALYST-TITLE 32,Army National Guard Units,Frankfort,KY,0,federal,2026-09-24
Management Analyst,Veterans Benefits Administration,Washington,DC,0,federal,2026-09-24
Budget Analyst,Veterans Health Administration,Louisville,KY,0,federal,2026-09-24
Management and Program Analyst (VOC),Veterans Health Administration,Salt Lake City,UT,0,federal,2026-09-24
Management and Program Analyst,Citizenship and Immigration Services,San Antonio,TX,0,federal,2026-09-24
Management and Program Analyst,Internal Revenue Service,Covington,KY,0,federal,2026-09-24
Program Analyst,Veterans Health Administration,Louisville,KY,0,federal,2026-09-24
FINANCIAL MANAGEMENT ANALYST,U.S. Marine Corps,Camp Pendleton,CA,0,federal,2026-09-24
Management Analyst,Bureau of Prisons/Federal Prison System,Kansas City,KS,0,federal,2026-09-24
IT Specialist (System Analyst/Customer Support),Deputy Assistant Secretary for Information and Technology,Salt Lake City,UT,0,federal,2026-09-24
MANAGEMENT ANALYST,U.S. Marine Corps,Arlington,VA,0,federal,2026-09-24
Management Analyst,Military Treatment Facilities under DHA,San Diego,CA,0,federal,2026-09-24
MANAGEMENT ANALYST,STRATEGIC SYSTEMS PROGRAMS (SSP),Kings Bay,GA,0,federal,2026-09-24
Management and Program Analyst,Veterans Health Administration,Chillicothe,OH,0,federal,2026-09-24
FINANCIAL MANAGEMENT ANALYST,Naval Medical Command,Point Loma Complex,CA,0,federal,2026-09-24
